""" Bitch this ain't IHOP!"" https:// twitter.com/wsbtv/status/8 14960507375349760 …",WiseGuy_wes27,2017-05-20 06:30:45,
""" Bitch this ain't IHOP!"" https:// twitter.com/wsbtv/status/8 14960507375349760 …",WiseGuy_wes27,2017-05-20 06:30:45,
A bitch dat aint right....,A_stfu_ritequik,2017-05-21 03:59:59,
It's lit At this cook out I can't wait until my bitch pull up,G5DeeDee,2017-05-21 03:59:58,
THIS BITCH GLOWS IN THE DARK LIKE RADIOACTIVE WASTE pic.twitter.com/ffadVs03Jx,peggywhynowhy,2017-05-20 04:23:39,
Skirtttt don't you ever disrespect 00's Rihanna. She was that bitch then and will always be THAT BITCH https:// twitter.com/imlssmyspace/s tatus/835319826021142529 …,sabrblackwell,2017-05-20 22:24:19,
bitch what kind of hogwarts ass school u go to??? https:// twitter.com/tiavan98/statu s/865804605371830272 …,SUNSHlNES_,2017-05-21 03:07:06,
Wassup bitch,AsscAdrian,2017-05-21 03:59:58,
"First he made Ewing a bitch , then Ewing acted like a bitch . Nice.",GigDrain,2017-05-21 03:59:58,
bitch I'd cry https:// twitter.com/wavymarquise/s tatus/864916432198545408 …,pullgodessss,2017-05-20 18:18:03,
bitch it's yellow outside,xapark,2017-05-21 03:59:57,
When Britney performs and some ignorant bitch is like 'BUT DOES SHE EVER SINGS LIVE?' https://twitter.com/CGBPosts/status/865991144773234688/photo/1 pic.twitter.com/JS6uJICcCE,JianPiero,2017-05-20 22:39:45,
um bitch tf,_raaaee,2017-05-21 03:59:57,
My bitch caught me cheating I told her Id never do it again then she catches me with some midgets and I said cant you see Im tryna cut down,ChaseWith2Cs,2017-05-21 03:59:57,
@KristineLeahy this bitch needs to be fired! She's literally a fucking idiot. Its obvious that @KingJames is having a better playoffs https:// twitter.com/sfy/status/865 351205433638912 …,jdrew1024,2017-05-21 03:59:56,
Two more mins and im running out this bitch,___RoyalCouture,2017-05-21 03:59:56,
"when your girl says she wants to go to the front, you get that bitch to the front. #protectthebabyatallcosts",LunaSparkkles,2017-05-21 03:59:56,
""" Bitch this ain't IHOP!"" https:// twitter.com/wsbtv/status/8 14960507375349760 …",WiseGuy_wes27,2017-05-20 06:30:45,
when you no longer need compliments or recognition from anyone that's when you know you're really that bitch n doing good,alvaradokjc,2017-05-20 20:57:33,
O...kay I will stop being a bitch about him now. You know I love him dearly really,Mia_Grey1,2017-05-21 01:35:00,
;-; later bitch,Brandon_Daw,2017-05-21 03:59:54,
"Think I'm going try lashes for my birthday, I've only done strips and bitch couldn't stop batting her eyes lol i don't know how to act lol",_QueenZuri,2017-05-21 03:59:54,
I'm probably the coolest bitch to be around but I hate being around other bitches,ImissMAYA,2017-05-20 23:10:06,
"ITS A INNER CRY, BITCH MY HEART IA CRYING pic.twitter.com/ly4wsumte5",ONIKAxKING,2017-05-21 03:59:54,
Michael asked if I think I'm cute. I said bitch of Kors! pic.twitter.com/BCzYxZeShu,90staughtme,2017-05-20 23:47:38,
This bitch don't get it!,ChampagneP_,2017-05-21 03:59:54,
I think that's my daughter she like bitch move https:// twitter.com/shanayynayyy_/ status/866002913604149248 …,mitchycashing,2017-05-21 03:59:53,
Stop being a little bitch,brownteaming,2017-05-21 03:59:53,
Bitch you always watching that shit,Ajuicedupp,2017-05-21 03:59:53,
Wow. What a bitch https:// twitter.com/harry1t6/statu s/865991004951859203 …,Rambobiggs,2017-05-21 03:04:06,
Oohh poor thing !!! Little girl trying to playing the good girl when she's actually a fake bitch,laurmanisbooboo,2017-05-21 03:59:53,
Damn! #NickiBBMAs,JALEX_BITCH,2017-05-21 02:18:52,
sithbellamy is a dumb bitch this has been a psa,sprouseheart,2017-05-21 03:58:09,
bitch oh my god https:// twitter.com/alsostephenkin g/status/865953768256544770 …,meetmeinhallwy,2017-05-21 03:59:50,
I cannot be worried bout no bitch ...,DewayneFiive,2017-05-21 03:59:50,
Bitch what,ginacruz1812,2017-05-21 03:59:50,
"I hate you, bitch",LadyBarrow,2017-05-21 03:59:49,
This lil bitch cynthia got so much mouth like she grown & can get slapped like she grown,justcallmeskey,2017-05-21 03:59:46,
Babble babble bitch bitch rebel rebel party party sex sex sex and don't forget the violence,shelbycazaly,2017-05-21 03:59:46,
Wouldn't be surprised if Selena got out of her grave just to slap that bitch,ughEddy,2017-05-21 03:59:45,
Bitch I love a trouser,sofie_uh,2017-05-21 03:59:45,
"KIERREN: what if he comes for your ass like ""I'VE GOT TWO MOMS, SON OF A BITCH '",snorkleworld,2017-05-21 03:59:44,
@adeleropkax Happy bday ya sexy bitch ! Xx pic.twitter.com/9Dl9TwJHZW,David_Dunne1,2017-05-21 03:59:43,
biTCH WHAT https:// twitter.com/menendmusic/st atus/866009743357206529 …,howellfics,2017-05-21 03:59:43,
Same bitch ! Tf?! Same!,VivaLaOnyx,2017-05-21 03:59:42,
You a stupid ass bitch omm https:// twitter.com/stussyadrian/s tatus/866080880694968322 …,chaybacca,2017-05-21 03:59:42,
Please impeach that bitch . I don't think I can deal with her mind blowing stupidity for 4 more years! #MAGA . choo choo https:// twitter.com/surfermom77/st atus/865968410806566912 …,nue511,2017-05-21 03:59:42,
"Did the Russian Embassy Implicate Hillary Clinton in Tweet: ""Who Killed Seth Rich?"" We All Know The Bitch Did It? https:// goo.gl/GxHiIy",Xamerican,2017-05-21 03:59:41,
I DONT GIVE A FUCK ALABAMA? I DONT GIVE A FUCK ABOUT ALABAMA BITCH . https:// twitter.com/hawillisdc/sta tus/865455906418417665 …,buryymeinlv,2017-05-21 03:59:41,
It's so ahead of its time bitch you lept to 2071,goddessvii,2017-05-21 03:59:40,
I got a bitch shoot dice.....,A_stfu_ritequik,2017-05-21 03:59:40,
This would be my child. Bitch if you don't get outta my face while I'm trying to eat https:// twitter.com/shanayynayyy_/ status/866002913604149248 …,ShesKRenee,2017-05-21 03:59:40,
Lmaooooo this bitch lucky that guy didn't roll his ass down some stairs https:// twitter.com/brendanllm/sta tus/865740401835208704 …,Princeypile,2017-05-21 03:59:39,
"@Music core, you're a bitch get ready pic.twitter.com/KCyqjQeuf4",byeolbxtch,2017-05-21 03:59:36,
dumb bitch,thcriddler,2017-05-21 03:59:35,
"earlier becky was like, ""u can't take every nigga bitch "" lmaoo",liluglygurl,2017-05-21 03:59:35,
"But fuck it you can move on, you can hit up every bitch and every party, get yo groove on",BaddddGirlKay,2017-05-21 03:59:35,
karma a bitch,VerdantRush,2017-05-21 03:59:34,
bitch what happened to your phone yesterday,TooMuchGvldd,2017-05-21 03:59:34,
This bitch didn't even know the lyrics https:// twitter.com/cgbposts/statu s/865776633776676864 …,EstuardoHolm,2017-05-21 03:59:34,
"""hello u bum bitch "" pic.twitter.com/r9CInI0q5z",bzdarling,2017-05-21 03:59:34,
"bitch i never knew tag you're it was about a kidnapping, i've been paying attention to the beat this whole time i'm snatchedt",rihgret,2017-05-21 03:59:31,
My ex is a straight bitch lmao,juuleeuhhh,2017-05-21 03:59:31,
I often bitch about what's wrong Let me tell you what is right Last 4H steer went for $4.50 per lb - was donated to a children's home.,MollyMiller951,2017-05-21 03:59:31,
That bitch needs to get impeached. https:// twitter.com/WWEWomenThings /status/866080486015332352 …,ExaultedLove,2017-05-21 03:59:29,
BITCH I FUCKING THOUGHT ALRIGHT https:// twitter.com/zaralrssn/stat us/853659248588460032 …,zaralrssn,2017-05-21 03:59:28,
That's why your boyfriend hits me up bitch,chillxking,2017-05-21 03:59:28,
well BITCH how the fuck am i suppose to see how i ride dick?! https:// twitter.com/sadcoreclub/st atus/866080128878743552 …,LEMONONIKA,2017-05-21 03:59:28,
- bitch I hate you,DiaryofA___,2017-05-21 03:59:27,
Are they at sungrow,Turkeyy_Bitch,2017-05-21 03:59:26,
Add me bitch : tuck82,Tuck_82,2017-05-21 03:59:25,
It sucks whenever my friends make plans and I can't go because of practice,Iwatobi_Bitch,2017-05-21 03:59:24,
I'd be the happiest bitch ever https:// twitter.com/dja_tron/statu s/864641895045017600 …,marqiaalison,2017-05-21 03:59:23,
やりたいなぁ,doSsyotar18,2017-05-21 03:59:21,
"""Look at that bitch ""-Thurnis Haley aka. Tyler the Creator #ofwgkta pic.twitter.com/XsuuWrVe6r",d_gayton17,2017-05-21 03:59:20,
"bitch britney, madonna , mooh , adele and taylor are shook https:// twitter.com/evanlovesmaria h/status/866013481035718656 …",PrinceVon_,2017-05-21 03:59:19,
Dumb bitch ...,DDoutel,2017-05-21 03:59:18,
It's prom bitch I'm drunk and braless,cecile_andrade,2017-05-21 03:59:18,
bitch im so in love with chungha like???????? im ready to die,Y00NG0D,2017-05-21 03:59:17,
"She was not having that shit lol ""get out of my face you soul sucking bitch """,Goochi_Quintana,2017-05-21 03:59:15,
Diego is a bitch — I know https:// curiouscat.me/3251873778/pos t/151270732?t=1495324754 …,derek_willi11,2017-05-21 03:59:14,
30% of the time I wanna be a cute ethereal glowing goddess 70% of the time I'm actually a dark soul sucking demon succubus bitch from hell,apairofjapris,2017-05-21 03:59:12,
A bitch will snake her best friend for some dick,Ctaylor5050,2017-05-21 03:59:11,
Some fuck ass bitch,ElderJarn,2017-05-21 03:59:10,
YOU BITCH,jizzzzzyj_,2017-05-21 03:59:10,
I liked a @YouTube video http:// youtu.be/psxBizrPIxg?a I love you bitch I ain't never gonna stop loving you bitch vine,sxpticjpg,2017-05-21 03:59:10,
THIS BITCH REALLY EXPECTS ME TO LISTEN TO HIS ADVICE LOOKING LIKE SOMEONE PUT THEIR DEADBEAT DAD'S OLD SUIT ON pic.twitter.com/50ZxkOH7EC,snorkleworld,2017-05-21 03:59:10,
"That "" Bitch do you have problem?"" Look on Bae's face pic.twitter.com/2cYCbsMuXj",frozeaccount,2017-05-21 03:59:10,
MEXICO IS DEPORTING THIS SON OF A BITCH !!! That's what should be done for anyone who dares to disrespect people in their OWN country!,yvessaintangel,2017-05-21 03:59:09,
Never leave a bitch that's down for you for a quick fuck from a hoe,LavishMeg,2017-05-21 03:59:07,
Happy birthday you baaaad bitch,Dayyummanja,2017-05-21 03:59:07,
BITCH . My thirsty ass over here only knowing his ass as Aiden Ross now he went full fuck boy and my thirsty ass at the nightclub like DADDY https:// twitter.com/Monbebe_azzjaz /status/866079996426702848 …,uhmwatermelon,2017-05-21 03:59:03,
Exactly. You flaked bitch hah fake hitta,jay_geazy,2017-05-21 03:59:03,
He sido yo karma is a bitch pic.twitter.com/puntPiXIRZ,justinssober,2017-05-21 03:59:02,
Lil hoe said I'm broke I'm like bitch where!,onehundred__,2017-05-21 03:59:00,
Bitch I'm at the same spot like yesterday,slick56nick,2017-05-21 03:59:00,
The look you give when you're holding your anger in trying to not be a bitch anymore but people ALWAYS be testing ur patience pic.twitter.com/q12ylHkv2V,awkward_ashlyn,2017-05-21 03:59:00,
look my mama ain't raise no bitch but i lowkey cried while watching acacia's birth video,keithbroook,2017-05-21 03:59:00,
Mattias a bitch didn't want to sit on the edge because he scared of the movie lol @mattias_carrasc,pedro_diaz10,2017-05-21 03:58:58,
MAMMA MIA IS GONNA GET A SEQUEL. BITCH WHAT,vinsmokesanjis,2017-05-21 03:58:57,
I'm just another basic bitch craving a frappe,Writer02Sisters,2017-05-21 03:58:57,
Hate this question.. like bitch give it time damn https:// twitter.com/_lifeonthemoon /status/864661827489288192 …,TroyoNotez,2017-05-21 03:58:57,
I thought there was one fake bitch in this house. There's two!,hestylesera,2017-05-21 03:58:56,
#ThreeWordTrump Lying Shellfish Bitch !!! @SpeakerRyan @GOP,goldilockstrump,2017-05-21 03:58:56,
where's my shout out bitch,allymcwatttters,2017-05-21 03:58:56,
"""Lose my number or lose ya life bitch "" - My 80 yr old Great Uncle Newby",_tongueTYed,2017-05-21 03:58:55,
"""Jesse your dog is fat"" Me: Bitch what? Have you seen @MissWendy13 's dog? Looks like it ate a fucking basketball pic.twitter.com/hWW3SzUj1p",BurgersNBitches,2017-05-21 03:58:54,
"like bitch you're a thief it's obvious stop being weird with shea, she's the nicest person to you and you're accusing her of criticising you",thomasjxmes,2017-05-21 03:58:54,
bitch,OhemTelesford,2017-05-21 03:58:53,
Bitch u ugly,ruanpsixo,2017-05-21 03:58:53,
I told myself I'm a bad bitch I won't cry but fuck this shit has me broke and depressed as fuck,jaliscofloress,2017-05-21 03:58:53,
Bitch move https:// twitter.com/therealjanedoe _/status/866079847742922753 …,sincerelyylexis,2017-05-21 03:58:53,
P R E A C H BITCH,MelBuday,2017-05-21 03:58:52,
"Bitch , please. I'm fucking fabulous! #LuLuBot",Celestial_Sass,2017-05-21 03:58:51,
Got this niggas bitch i know i been wantin to fuck,A_stfu_ritequik,2017-05-21 03:58:47,
hEY BITCH ILY STAY HYDRATED REMEMBER YOU MEAN ALOT TO ME okay bYE nOW,baddestdjh,2017-05-21 03:58:46,
Bitch I MET YOU MY JUNIOR YEAR LOL,neusika_c,2017-05-21 03:58:46,
抱ける女は、抱けなかった女には勝てません。,usausa_bitch,2017-05-21 03:58:45,
Life is life. Don't be a bitch ass hoe.,YTKevincool101,2017-05-21 03:58:45,
KlarolineDiaries is really THAT bitch I wish she didn't waste so much time making non kc TO edits but she always pulls through,yoursklaus,2017-05-21 03:58:45,
Dormir o caralho! Vou ver o step up,Bitch_Since1998,2017-05-21 03:58:45,
Nail that bitch . https:// twitter.com/chrisstonefilm s/status/866079172199948288 …,theholly_wilson,2017-05-21 03:58:44,
When some dumb bitch tells me to smile https:// twitter.com/shanayynayyy_/ status/866002913604149248 …,mooneternal_,2017-05-21 03:58:43,
Real Rickey world bitch,YoungLij_,2017-05-21 03:58:41,
I'm making slime (cause I'm a basic bitch ) and I'm so excited,Mashed_Cutatoes,2017-05-21 03:58:41,
"Hey, if any of y'all know a bitch named Sabrina ( @sabrinasmith001 ) stay clear she's phyco in the head and is messed up.",qveendesiree03,2017-05-21 03:58:41,
get fucked up fuckinn with mine.. lil bitch .,zon_johnae,2017-05-21 03:58:38,
"Every other bitch I see has everything on her person done fake ass, fake titties, lipo, nose job, lip job, veneers etc",KathieTejada,2017-05-21 03:58:38,
Bitch I cun not,CartterBait_,2017-05-21 03:58:37,
BITCH YES,allyprimm,2017-05-21 03:58:35,
and im a broke bitch,voidsinsilver,2017-05-21 03:58:34,
LMFAO bitch !!,jasminmunoz35,2017-05-21 03:58:33,
@xsmithsonx you bitch ass bitch,skalakattack,2017-05-21 03:58:33,
bitch who ?,_nurulhudalms,2017-05-21 03:58:32,
Bitch I Ain't Tweeted This Much Ina Min I'm Finna Go Back Ina Cut Twitter The Reason I Got In Trouble,ThatsKeee__,2017-05-21 03:58:32,
Herbie: Fully Loaded deleted scenes Lindsey Lohan: Dad I want to drive! Dad: You've had 10 DUIs Lindsey! Herbie: Not today Bitch ! pic.twitter.com/QNUcqPTYbT,marianaL_A,2017-05-21 03:58:31,
bitch i'm too loyal,stonedxbaby,2017-05-21 03:58:31,
bitch wya,TooMuchGvldd,2017-05-21 03:58:31,
"Why does everyone that streams BF1 say they are #1 in the world - how many Number 1's can there be?? I'm not bad, I'm consistent bitch !?!?",TonyDammSon,2017-05-21 03:58:30,
Damn i parked my car in the sun and when i got it that bitch it was 1000 degrees lol,Dat_Boii_Chriss,2017-05-21 03:58:30,
this is my FAVE PICTURE EVER BITCH IM SO INLOVE pic.twitter.com/KPpQaLnw56,solokilam,2017-05-21 03:58:30,
bitch wait it's melodyselcaday i don't even have a new selfie,hoonfcks101,2017-05-21 03:58:30,
BITCH IM SORRY https:// twitter.com/untiitoday/sta tus/865762846419898368 …,jiminvlost,2017-05-21 03:58:28,
BITCH SCOOBIES https:// twitter.com/femaletexts/st atus/866076070587576322 …,rachelgray2666,2017-05-21 03:58:27,
PS .. We out this bitch @rodriiiguez13 pic.twitter.com/lbz4TxEep9,Santi_thebest,2017-05-21 03:58:26,
After hearing another bitch leave a voicmail on my ex phone with a india arie song..,wheresthewi_fi,2017-05-21 03:58:25,
Bitch . https:// twitter.com/KEEshaSOcole/s tatus/866080615938101248 …,Whodat_chic,2017-05-21 03:58:24,
Don't worry bout me worry bout yo bitch don't play wit me play wit yo bitch,Only1mexicana,2017-05-21 03:58:24,
i was really cross faded den a bitch last night,__qrt_,2017-05-21 03:58:23,
"Little Richard vert swear he a badd bitch . RT ""@RooMurder: Imagine Twitter during the 60's"" pic.twitter.com/J8sfgbRUhG",blackjack710,2017-05-21 03:58:22,
my mama had more heart den my daddy bitch ass,PGMAFIA8,2017-05-21 03:58:22,
通勤電車って乗客の八割以上が痴漢に占められてるよね,kusare_bitch,2017-05-21 03:58:22,
"This bitch said ""I'll kill a nigger in a jiff""",Obeyy_Deez,2017-05-21 03:58:21,
what did i do to deserve a love like this? you see her shining? that's my sunlight bitch !,MSchwartz19,2017-05-21 03:58:21,
"Bitch did you just come to my non birthday party, with a non birthday gift https:// twitter.com/jayybabexo/sta tus/866064506358771714 …",PornoOnMUTE,2017-05-21 03:58:20,
"""yeah so jesus died on a cross?? lmfaooo what a bitch """,shrimpthot,2017-05-21 03:58:20,
Bitch duh,868_Hustla,2017-05-21 03:58:19,
Loddie doddie I want your $ not your body ... BITCH !!,JayStylingOnU,2017-05-21 03:58:19,
"""I'm stickin it. I'm not a bitch "" *not 2 seconds later* ""IMA BITCH IMA BITCH IMA BITCH """,im_not_potato2,2017-05-21 03:58:18,
i woke up and unlocked my phone i didn't expect it to slip and hit me in my face what a bitch,acechoices,2017-05-21 03:58:18,
I swear if my little cousins make me see the new wimpy kid movie I'm gonna be the saltiest bitch in that theater. Not my Rodrick,stylesgonplei,2017-05-21 03:58:17,
AND THIS BITCH KILLED TYLER,ariadxa,2017-05-21 03:58:17,
Bitch I'm tryna find out who REALLY out here feining though I'll pray for them after I laugh,breaannaamaarie,2017-05-21 03:58:16,
Bitch better have my money,King_Hud97,2017-05-21 03:58:15,
6am need to hurry . A bitch ain't had no rest.,lyricc_lashaye,2017-05-21 03:58:14,
I Will Pistol Whip EVERY Bitch You Talk To After Me,Finesse__Season,2017-05-21 03:58:14,
bitch i ain't gonna kill my best friend u fucking lampshade,junmyeons_,2017-05-21 03:58:13,
I HOPE U CHOKE BITCH AND NOT IN A PLEASURABLE WAY,sugalusts,2017-05-21 03:58:13,
"god, appreciate your nurses. appreciate single moms. appreciate sick kids. and remember that cancer is a fucking bitch .",melissaacevedo,2017-05-21 03:58:12,
I got a list full of problems I'll tend to em later Life is a bitch But I appreciate her,JennStroh,2017-05-21 03:58:11,
bitch stay wit her hair did & it never look like good https:// twitter.com/oxo_keyaira/st atus/866076019316404224 …,GloGirlNieca,2017-05-21 03:58:10,
Jk ima fuck a bitch up https:// twitter.com/ilsedabeast/st atus/865458792137342976 …,ilsedabeast,2017-05-21 03:58:10,
sithbellamy is a dumb bitch this has been a psa,sprouseheart,2017-05-21 03:58:09,
bitch me too tf,rensbf,2017-05-21 03:58:08,
