"Oh Brother Tariq! You were wiiling to elect the Whore from ""Babylon & Sacks"" Hillary Clinton. Also @FLOTUS is anti-bush. #Brazillian https:// twitter.com/tariqnasheed/s tatus/866001628637175808 …",GGEvan317,2017-05-21 03:59:10,
ONCE A WHORE youre nothing more im sorry thatll never change,schizophobic,2017-05-21 03:59:00,
Abbott is a scum-sucking road- whore and a blight on Texas' already-shitty politics. I detest him unequivocally. https:// twitter.com/EricaGrieder/s tatus/866055844378619904 …,IanMenard,2017-05-21 03:58:45,
Maybe because you don't know how shitty it is to be called a whore or a slag by guys for literally the littlest dumbest things,s0phiekathleen,2017-05-21 03:58:18,
Lil whore *Tez voice*,Arlezzz_,2017-05-21 03:58:11,
Whore . Get out of my country.,Mirage_Intl,2017-05-21 03:57:56,
"#Granny , #Mature , #Milf , #Porno , #HandJob , #Randygranny : Cum-addicted Whore With Small Tits Gets Fucked From Behind http:// tinyurl.com/pmcuyez",randygrannyss,2017-05-21 03:57:50,
Yousa whore frfr https:// twitter.com/_shayne3600/st atus/865920531626938368 …,Traeskii__,2017-05-21 03:56:45,
I don't wanna dress like a whore & I don't wanna do to much neither,Edasiar,2017-05-21 03:56:45,
Literally such a dumb whore like shut up you don't do anything but steal MY money. Kill yourself PLEASE.,SpoopyIcy,2017-05-21 03:56:23,
Nothin you can compare 2 ur neighbourhood whore,fuckoffscott,2017-05-21 03:56:21,
"??? that's what I said, I'd rather be called a whore or a slag instead of a pedophile lol",HiiImLuke,2017-05-21 03:56:11,
"Despite what everyone says, I don't think your mom fs a ""dirty pirate whore "". She's actually quite clean for a pirate whore .",bushpaulita679,2017-05-21 03:55:37,
ilym whore hey,naomirdzzz,2017-05-21 03:55:24,
Add me on KIK for sext : jesshorny18 #Oxford #cuckold orgasm #dating #whore licking #skypeshow #cam swallowcum #hornykik #instacute j g,Jesshorny18,2017-05-21 03:55:16,
Add me on KIK for sext : jesshorny18 #Oxford #cuckold orgasm #dating #whore licking #skypeshow #cam swallowcum #hornykik #instacute 33,Jesshorny18,2017-05-21 03:54:59,
I'm a camera whore today. pic.twitter.com/lVsPKZq8dQ,LivingOutlaw,2017-05-21 03:54:54,
"LeGate is an evil punk, shitposting daily on Sean Hannity TL to get attention. He is a fame whore .",covfefe_kris,2017-05-21 03:54:46,
Dirtу whore оr a sаint? Find out here @retr0ebasta @retr0p777 @retrace @retracedstramer @retractedhack,gilwythe,2017-05-21 03:54:32,
#bears #whore tugjob #asian pornostar #fakeagent #wanking lisa pic.twitter.com/81qRcpLFaz,guzelmakarova1,2017-05-21 03:53:30,
Dirty whore get a life that isn't mine,lucyduke__,2017-05-21 03:53:24,
Правда мило,Joyelini,2017-05-21 03:52:23,
Uhhhhhhhhhhhhhh whore,OhItsJustJulius,2017-05-21 03:51:25,
It's hotter than a whore in a pecker patch.,devinkinyon,2017-05-21 03:51:06,
I'd rather get called a whore than a pedo tbh,HiiImLuke,2017-05-21 03:49:58,
die whore stop exposing me,marimoved,2017-05-21 03:49:38,
I care about summoning Satan to sell my soul to him don't ever compare me to your petty attention whore ass again,Raptora,2017-05-21 03:48:00,
"It's funny how they think they can take me. Like, I like being called a bitch and a whore for fun. Give me something else, goddamn it.",katewinsletss,2017-05-21 03:47:47,
"Just some of my favourites so far: ""Underling"" ""En garde Vera"" "" Whore "" ""Star fucker""... the diction was superb",tamsynstrike,2017-05-21 03:47:44,
You cheat on your husband and have the audacity to act like the bigger person and not get child support from him. #whore #subtweet,MarreroSean,2017-05-21 03:46:45,
My brother said hoard battle n I thought he said whore battle,lyndseysgunn,2017-05-21 03:46:01,
"Boo, you saucy whore",GrahamNetter,2017-05-21 03:45:59,
Stone you fucking idiot. He's not bowing. Stop being an attention whore .,Uranusgalaxy,2017-05-21 03:45:51,
I can be your whore I am the dirt you created I am your sinner And your whore But let me tell you something baby... http:// fb.me/1o568iJmh,Alinnleeve,2017-05-21 03:45:34,
"Wit all due respect, loud pipes on a motorbike just means you are an attention whore and or an inconsiderate... http:// fb.me/8wSyPtOpM",SuthrenPatriot,2017-05-21 03:45:27,
Attention WHORE and we want MORE!  ;) More at my blog http://www. sexdollsextoys.com https:// tmblr.co/ZCnHag2Lrmqh7,SexDollSexToys,2017-05-21 03:45:17,
"Решила просто посмотреть, что люди выкладывают по хэштэгу. Зависла часа на три. Найс. #BTSBBMAs",whore__baekhyun,2017-05-21 03:44:16,
"Can't even commit to a country to whore out to, smh At least commie traitors believed it",Eggroll71,2017-05-21 03:42:26,
отлично. хд,whore__baekhyun,2017-05-21 03:42:18,
That bit a proud Whore,PurpleHeartPatt,2017-05-21 03:41:36,
Imprint Spanking Paddle- Whore .. https:// seethis.co/QL0zK,EroticSuperS,2017-05-21 03:41:04,
"My ex is still a whore , I just feel sorry for the girl who thinks dating him is an achievement.",LaBabyScientist,2017-05-21 03:40:57,
Eat yer cornflakes you whore .,nekatsawdabot,2017-05-21 03:40:23,
"""You're the prettiest fake, undercover whore I've ever seen""",Mirpanduhh,2017-05-21 03:40:04,
Quit assuming he's being a whore . https:// twitter.com/MiBellaAmoree/ status/866072527650648064 …,DoubleMSammy,2017-05-21 03:39:43,
Who whore it better???? Lol https:// twitter.com/allkpop/status /866056318351794176 …,shikishayne,2017-05-21 03:38:29,
THE LITTLE WHORE IS WHAT GETS ME.,katewinsletss,2017-05-21 03:38:09,
you lil whore pic.twitter.com/JIw2cO9jKb,officialmimii1,2017-05-21 03:37:41,
Little mix chewed and spit out fifth harmony you squidwards house lookin ass whore https:// twitter.com/gwacheonult/st atus/866074697397612544 …,OMORll,2017-05-21 03:37:37,
"So what if these whore dudes don't have any workers, shut them mfs down!",JayBirdOne,2017-05-21 03:35:44,
you whore .,arianaminogue,2017-05-21 03:35:31,
I want my women to be sweet and a whore in the bed,sincere4892,2017-05-21 03:34:47,
"I liked a @YouTube video http:// youtu.be/wSl087Jk_40?a CRAIG XEN x XXXTENTACION x GARETTE REVENGE - CRUCIFY THY INFANT, SON OF WHORE",jecht2K,2017-05-21 03:34:44,
fuk u whore,idoIfucker,2017-05-21 03:34:32,
Since now whore kys https:// twitter.com/taekooknators/ status/866073273951559680 …,yutense,2017-05-21 03:34:28,
My coworker called me a cat whore because I love all the cats that come into the shelter,andrearolon23,2017-05-21 03:33:59,
#cumonashleyx #cumdump #cumslut #cum #whore #slut #cumonherface #cumbumpters #cumtribute same on kik!! pic.twitter.com/2rGQunCy4q,brensmiles619,2017-05-21 03:33:29,
"Betty Boop: John Brennan, Saudi Whore , American Traitor -- How Hillary Clinton's Muslim Dirty Tricks… http:// phibetaiota.net/2017/04/betty- boop-john-brennan-saudi-whore-american-traitor-how-hillary-clintons-muslim-dirty-tricks-chief-tried-to-hack-the-us-election-while-lying-about-the-russians-doing-so/ … via @phibiblog",jogman308,2017-05-21 03:32:15,
"BOOZY, NO! And I mean that with all sincerity. Gin is a whore 's drink.",PDemonium,2017-05-21 03:31:49,
"Been raining for a week now. Boo hoo, Minnesota. You're a whore .",meannewangen,2017-05-21 03:31:43,
I'm such a whore,GorgeousLexxx_,2017-05-21 03:31:20,
"Despite what everyone says, I don’t think your mom is a “dirtypirate whore ”. She’s actually quite clean for a pirate whore .",ibalfaisal,2017-05-21 03:31:10,
Immature little whore .,Tegan_Jovanka,2017-05-21 03:30:59,
Eff you Corey you lil whore,_boobiemiles24,2017-05-21 03:30:41,
"""She cannot be wife & whore "" https:// twitter.com/whatisjoedoing /status/865237486842376192 …",justtoojazzy,2017-05-21 03:30:17,
Except Obama went to whore America,basedArmando,2017-05-21 03:30:16,
BEYONCE DID NOT HAVE THE BABIES. SHUT YOUR WHORE MOUTHS! pic.twitter.com/Yk0QU8SMav,kordeinity,2017-05-21 03:29:52,
"didn't answer my question, whore",liltostones_,2017-05-21 03:29:37,
Ah ouais heu [Attention Whore Trigger Warning] toussa bien sûr.,LePtitFaliz,2017-05-21 03:29:09,
Thoughts on your whore for a sister? — Why is it okay for a guy to be a player but a girl ... https:// curiouscat.me/Chris__05/post /151271332?t=1495322930 …,ChrisBreezy_5,2017-05-21 03:28:50,
Wh wh wh wh whore,thatkidmatt99,2017-05-21 03:28:35,
Me cagas por atention whore,eduardotrss,2017-05-21 03:28:30,
Вот это блять крик. .о. https:// twitter.com/BunLoveJimJim/ status/863092329221152768 …,whore__baekhyun,2017-05-21 03:28:21,
LMAO 70'S WHORE https:// twitter.com/KimKardashian/ status/866065078814097408 …,DANKLAMAFFS,2017-05-21 03:27:54,
Woman has sex: Whore Man has sex: God Woman is virgin by choice: Pure magical creature Man is virgin by choice: Loser society u ok,LJaureguibemine,2017-05-21 03:27:35,
that bad huh? Riches demand you stop but u need the #fakenews -a ratings whore who uses a dead person to satiate appetite of your lemmings,GardenGirl9,2017-05-21 03:27:33,
"#DesiPorn , #ManDingo , #AsianButts , #Aunty , #MatureMoms : Electro Punishment For Busty Whore Raven Rocket http:// tinyurl.com/jkjc9ox",CodsPorn,2017-05-21 03:27:33,
@blakeyeun youf attention whore,zednayas,2017-05-21 03:26:52,
STOP ANSWERING QUESTIONS ABOUT THEM U WHORE,Pieceofminnd,2017-05-21 03:26:01,
Where can i get a hoodie for the low rn lol its cold as a whore,7BILLY11,2017-05-21 03:25:59,
Stop being a whore . https:// twitter.com/DoubleMSammy/s tatus/866071857040109568 …,MiBellaAmoree,2017-05-21 03:25:56,
"Мне кажется,что меня просто толкнули с 13 этажа и я осталась жива",whore_magic,2017-05-21 03:25:51,
"#OldGranny #MomsFucking #SaggyTits , #PissFlaps : Dirty-minded Dark Skinned Whore Alexandra B Rides A Dick... http:// tinyurl.com/nlt255t",amateur_mums,2017-05-21 03:25:16,
Никогда не была так унижена,whore_magic,2017-05-21 03:25:15,
"abdicate your will to burn your theology books, your land will be sown with salt, papist whore .",CalvinDom1,2017-05-21 03:25:06,
Wendy whore ass https:// twitter.com/baddiechav/sta tus/752327996543868929 …,goativity,2017-05-21 03:24:55,
"Rose: ""I'd rather be his whore than your wife"" Me: pic.twitter.com/tj9RiWlytZ",sarahmae2019,2017-05-21 03:24:46,
NOT to be a whore . but i want to bias the rest of twice icant take it,daegufansite,2017-05-21 03:24:43,
I'm not a whore I'm a catfish,lcndonqueen,2017-05-21 03:24:20,
"Not in islam! read the quran read about islamist countries, 4 them if a woman gets rape she is considered a whore and stoned 2 death, evil!",AnaPortman1,2017-05-21 03:24:16,
Спасибо за пластырь на душе @your_last_queen,whore_magic,2017-05-21 03:24:04,
Yyyyyyou lil Whore #BlacYoungstaVoice http:// fb.me/6AgqERbtY,PaperChayse651,2017-05-21 03:24:03,
Boo whore,sepperson7143,2017-05-21 03:23:57,
Whore https:// twitter.com/GodKingToine/s tatus/866071145187028992 …,NesquikShae,2017-05-21 03:23:42,
metaphorically i'm a whore and that's denial number four #topBBMAs,odetourigus,2017-05-21 03:23:17,
ridicula att whore https:// twitter.com/enews/status/8 66071445369212932 …,girlsaIouds,2017-05-21 03:23:09,
Underground Newz Inc. IS BACK!!: EXCLUSIVE: Busted Clinton's a WHORE http:// undergroundnewzinc.blogspot.com/2017/04/exclus ive-busted-clintons-whore.html?spref=tw …,GeneralStrikeUS,2017-05-21 03:22:50,
Спасибо за сломный мир,whore_magic,2017-05-21 03:22:15,
"""and, yes, but what a shame, what a shame the poor groom's bride is a whore """,outofgarden,2017-05-21 03:22:12,
"And Boo, u whore",Calum4everboy,2017-05-21 03:22:06,
"And then they ask me why I have trust issues especially towards boys that ""like me"" https:// twitter.com/comedyandtruth /status/866066020389330945 …",Salty_Whore_,2017-05-21 03:21:58,
угу,_gay_is_okey_,2017-05-21 03:21:54,
"Your Facebook profile reads ""self employed""... Yet your tribe of children and love of Facebook games says lazy whore .",Helferstay,2017-05-21 03:21:51,
"If you have stretch marks, you're a whore !",Splendafake,2017-05-21 03:21:34,
"Antiquated, overrated, social whore ...",Bottomlessp1t,2017-05-21 03:20:51,
"Rich american slut needs to be fucked as a cheap street whore ! $$$$$$$$$$$$$$$$$$$$$$$ http:// rantrampage.com/31782/Rich,_Sp oiled,_Celebrity_whore_%22lesbians%22.html …",LoonerGirlKayla,2017-05-21 03:19:58,
"Interesting, mine gave 3 correction options: ""shrieking harpy"" ""money whore "" and ""power mad sociopath""... AI is are really coming along",DawgGone87,2017-05-21 03:19:58,
"if the whore turns off her facebook account, you've won. Better now",IntensaYani,2017-05-21 03:19:46,
Passaram 14 minutos acalma te attention whore,dabidu02,2017-05-21 03:19:31,
You started talking about spanjollt and zezaks lmfaooo wtf I know I'm not a whore u delusional https:// twitter.com/bigesmallss/st atus/866069480086155264 …,cokeboy__xx,2017-05-21 03:19:30,
what an attention whore,retrojasmine,2017-05-21 03:19:23,
RT Cindypcds: Apparently I'm a Slutty whore . But if that means I suck and fuck lots of #bighardcock I'm good with… pic.twitter.com/2DvI5Kb8Eo,Slut2Abuse,2017-05-21 03:19:16,
"RIGHT AS PHOEBE STARTED SINGING ""jingle bitch screwed me over go to hell jingle whore """,BelaxAlvarez,2017-05-21 03:19:11,
#Warmongers #Weapon #Whipworm #Whore #Waveless #SaudiaArabia + #USA ---> #Terror https:// twitter.com/jamsession4444 /status/866068649026650112 …,ramsesleben,2017-05-21 03:19:04,
Lmao wyd whore,S_Nicole_Beauty,2017-05-21 03:18:33,
@Stooka_Blast_Go happy g day lil whore wya,BitchesAintShhh,2017-05-21 03:18:10,
Bring ya whore around I might just fuck ya bitch,fijiwada,2017-05-21 03:17:53,
-live life. You wanna block that bitch block that bitch. Some whore trying to piss you off report. I don't fucking care anymore. I'll-,Narcolepticwick,2017-05-21 03:17:39,
SelenaSecret00:RT MaxineSapphire: On cam tonight making a total whore of myself! See for yourself. https://www. niteflirt.com/listings/show/ 11190964-New-Flirt-Watch-my-pussy-react-as-we-talk-dirty- … TheHardDepot …,JakeL69,2017-05-21 03:17:21,
Local girls looking to hook up! Sign up its free >> https:// goo.gl/aESnvm pic.twitter.com/UDWqxakGbf,whore_sofia,2017-05-21 03:17:02,
"Calling me up to make me watch as he fucked her from behind, telling me how he was going to breed my white whore wife",MyWifeX,2017-05-21 03:16:26,
He is just being an attention whore lol,chuy100789,2017-05-21 03:15:34,
One more whore willing to do and say anything for a buck and some fame. Watch him closely & it's obvious he doesn't believe his own crap. https:// twitter.com/britchic2016/s tatus/865753726006562816 …,vilnisschulz,2017-05-21 03:15:11,
"As if I would ever call that whore my mistress. Or kneel before her. Or kiss her beautiful, round- okay I take it back",Crowleypants,2017-05-21 03:15:10,
nakedgirlsdoingstuff: College girls dared to drive this pedal car naked. Attention WHORE and we want... https:// tmblr.co/ZCnHag2LrjjUD,SexDollSexToys,2017-05-21 03:14:55,
Lmao what did my tweet to him have to do with you if you know you're not a whore ? https:// twitter.com/cokeboy__xx/st atus/866069310833340417 …,yvessaintris,2017-05-21 03:13:49,
You are evil and a whore,aZwolfenstein,2017-05-21 03:13:31,
"А ретвиты тоже за голоса считаются, да? #BTSBBMAs",whore__baekhyun,2017-05-21 03:13:24,
"the flute involving at shake the mind. who're presente? the bitches whore , stayed crazy and surrender to us.",MAXINTOCHPLUS,2017-05-21 03:13:06,
Meet Singles and Get Laid Easy: https:// goo.gl/mtnppT pic.twitter.com/E674T7fGJo,whore_sofia,2017-05-21 03:13:02,
homevideo #group #threesome #sex #slut cam #latino #fingering latina #chaturbate webcam #livecam amateur whore pic.twitter.com/N3nGxfHVPz,pI1hBe7oGZWq27D,2017-05-21 03:13:01,
"""He's a fuckin whore dog extraordinar"" Okay dad",Dewitt13Sara,2017-05-21 03:12:15,
Why I say let this Babylon whore fall.,JayBirdOne,2017-05-21 03:11:59,
Nigga so let that nigga come at Albanian women lmao what the fuck does that have to do with u if you know u not a whore https:// twitter.com/bigesmallss/st atus/866068330058313728 …,cokeboy__xx,2017-05-21 03:11:46,
"Jack be nimble, Jack be quick. Jill's a little whore and her alibis are dirty tricks.",fxyoongi_,2017-05-21 03:11:39,
Whore (idk fam that's a curse in my language lmao) https:// twitter.com/Genmiss189/sta tus/863905461980024834 …,garrixcypher,2017-05-21 03:11:06,
ال open minded بتبقي bold فالناس بتقول عليها whore . https:// twitter.com/mohammedemara1 1/status/866066965164699649 …,A4rOof99,2017-05-21 03:11:04,
"Twinkle twinkle little whore , close your legs they're not a door",vaguershawn,2017-05-21 03:10:51,
BUT THAT WHORE IS OVERREACTING IT AINT EM RTHAT BAD,OMORll,2017-05-21 03:10:26,
@me whore,Jennadixon1018,2017-05-21 03:10:04,
@beyreigns54 how tf you gonna call me a ragedy ass whore when you're the one who's acting like a rat,atexasbama,2017-05-21 03:09:56,
whore . https:// twitter.com/coreykeyz/stat us/865421202235445248 …,eazylaflame,2017-05-21 03:09:42,
@irrelevantelsie thanks for the nudes whore,nickdogmax,2017-05-21 03:09:33,
you little ugly whore i don't know why we are stuck together goddamn,berry24695,2017-05-21 03:09:09,
Melania first whore in Saudi Arabia. Definitely 1st whore in White House. I'm sure she wants some gold too. Tired of digging for it,TeaTraitors,2017-05-21 03:08:48,
This rain is a whore,llAboutBread,2017-05-21 03:08:44,
life is a whore ..,_blacki4,2017-05-21 03:07:50,
dont fucking censor his name u whore,chain_strategem,2017-05-21 03:07:24,
He's a whore all over the world and America has dementia http:// thehill.com/blogs/blog-bri efing-room/news/306990-trump-appeared-to-register-eight-companies-in-saudi-arabia …,toocanplay,2017-05-21 03:06:53,
love is an open whore,ellie__bot,2017-05-21 03:06:47,
Why are whore accounts liking my tweets,Pretzel_House,2017-05-21 03:06:28,
CASH WHORE AUNTIE MAXINE,President1Trump,2017-05-21 03:06:16,
"If a girl went round treating guys like they do they'd called 'slag' 'bitch' or ' whore ' but for a guy it's the ""lad culture""",CharlesSauvage,2017-05-21 03:06:07,
My mind is a whore but my body is not...mostly.,angrylilbitch,2017-05-21 03:06:01,
"#Granny , #Mature , #Milf , #Porno , #HandJob , #Randygranny : Shameless Whore Needs Her Lover's BBC To Satisfy Her Lust http:// tinyurl.com/pwgtl6p",randygrannyss,2017-05-21 03:05:07,
Vagina-head is struggling. Midget- whore doesn't need as much oxygen. (Is it me or the movie who's politically incorrect?) #totalrecall,DazzW,2017-05-21 03:05:03,
You can call me a drama whore .,botloria,2017-05-21 03:04:46,
You better shut your whore mouth rn budka,stonchboi,2017-05-21 03:04:24,
SEPHORA IS — A whore https:// curiouscat.me/hanbinskim/pos t/151248128?t=1495321444 …,sfn_ueve,2017-05-21 03:04:04,
ايه الفرق بين ال whore والbold والopen-minded ؟,MohammedEmara11,2017-05-21 03:03:49,
teen mom massage squirt #black #anal hooker step ebony #POV #sister #asian dutch #whore #milf lesbian #bbc pic.twitter.com/YUXyCq9HlH,nikitinaanton12,2017-05-21 03:03:29,
Why did u @me in this you whore,gh_music,2017-05-21 03:03:15,
You better chill you little whore .,quayy_kay,2017-05-21 03:02:40,
bings a coke whore anol,liamfeeney6,2017-05-21 03:02:31,
This is the hypocrisy that's so infuriating and NBDY F'N SAYS ANYTHING. It's ok for your whore to be scarfless but not a real First Lady?!FU https:// twitter.com/realDonaldTrum p/status/560839957426999297 …,luckylukenyc,2017-05-21 03:02:11,
You're a partisan whore . Journalist??,soundscaper,2017-05-21 03:00:48,
A WHORE IS A WHORE OF COURSE OF COURSE... http:// fb.me/12CbsbGp3,Ashtoncruzzoo,2017-05-21 03:00:02,
LOATHSOME WHORE MONKEY,TheCurseBot,2017-05-21 03:00:01,
Sweating like a whore in church,jasonwantsfood,2017-05-21 02:59:25,
"#Granny , #Mature , #Milf , #Porno , #HandJob , #Randygranny : Red Haired Old Whore Sexy Vanessa Gives Her Customer Nice... http:// tinyurl.com/ol499ov",randygrannyss,2017-05-21 02:59:09,
Don't u have a fat kardashian to stalk? Mind ur business whore,goatboyml,2017-05-21 02:58:46,
НУ КАК. https:// twitter.com/wsqra1721/stat us/863772393399087104 …,whore__baekhyun,2017-05-21 02:57:48,
"yeah okay tanya, using THAT excuse just because you have it doesnt mean you can make fun of adhd you whore https:// twitter.com/tanamongeau/st atus/865793256839401472 …",yeolera,2017-05-21 02:57:45,
I also got this whore pic.twitter.com/MBuoQEY8ca,OMORll,2017-05-21 02:57:21,
Devil in the form of a whore,danishu0902,2017-05-21 02:56:34,
"The trip is already a success, the Saudis found the steps to get him off the plane, and no world leader has called him ""Son of a Whore """,EvansSimon1955,2017-05-21 02:55:58,
"aye bruhh , my called Roy rogers, whore rogers i can't",Babylayyyy_,2017-05-21 02:55:35,
You know... It's hard to run away like a whore . They were high heels.,Hathor_Bot,2017-05-21 02:55:32,
"Yeaaaah gg I'm NZs biggest weed whore hahah , won't fucc yo bitch but I'll smoke all yo weed doe hAHAHA",Kingtay3457,2017-05-21 02:55:05,
i popped that shit now you cant touch it whore,lustfuIsnow,2017-05-21 02:54:58,
"""If your principal catches you cheating on a test, just say 'listen you stupid cunt whore ', and she'll respect you.""",cat_inflight,2017-05-21 02:53:56,
whore,NettieWinona,2017-05-21 02:53:43,
"“you are pathetic, ugly, a whore , an emo, creepy, sadistic, suicidal, unhappy, and a freak” Only god knows #KawaiiBot",MagicaFantasy,2017-05-21 02:53:19,
not to mention you can't trust Sean Payton as he is a lying whore . So there's that.,Lagwagon_Rules,2017-05-21 02:53:01,
"-""I am his /wife/, not his whore .""",AdamantErudite,2017-05-21 02:52:27,
She is a worthless whore,missyxdolce,2017-05-21 02:51:58,
I left a good person because they were a whore but I just didn't want no drama https:// twitter.com/damnstevcns/st atus/719317295156178944 …,alaviekiss,2017-05-21 02:51:55,
this media whore will say and do anything to keep herself in the news.,fishbouy,2017-05-21 02:51:54,
"No longer a lady, I was nothing but a pretty whore —a plaything 4 men” #bookboost #iartg #bynr http:// amzn.to/1xwAemT pic.twitter.com/lFPPhEUuO1",deedawning,2017-05-21 02:51:50,
Quick wasting our tax money on lawsuits. You are just a PR whore . #clockboy https:// twitter.com/kylebracken1/s tatus/866031268290482176 …,DavisGoodwin,2017-05-21 02:51:49,
"She would never make wifey status in Saudi-they've all seen her naked. No matter how expensive her clothes are, she's still a whore to them.",sophiesgunner,2017-05-21 02:51:23,
You shut your whore mouth talking that nonsense,heyylolitahey,2017-05-21 02:51:03,
"""How can i have a whore mouth when i never gave anyone a blow job..?"" JUNKO-WHAT pic.twitter.com/Mwen8o8njN",DespairsAikido,2017-05-21 02:50:59,
"Reveals the ignorance of a #Leftie bc most of their parent's are not married bc their family is a John, a whore and a fetus escaped from PP.",markwonderful,2017-05-21 02:50:54,
"Stupid lil bitch, Clueless lil whore , plugless lil nigga",I_mac2,2017-05-21 02:50:03,
sexy leg girl #crack whore porn tube pic.twitter.com/vSXTq5NjGV,KharismaSatrio,2017-05-21 02:49:57,
"Up until now I didn't give a shit about the election bc it's all bullshit, but this changes everything #rumham #nightcrawlers #whore https:// twitter.com/skynews/status /865564489592299520 …",Sam_Willsy,2017-05-21 02:49:56,
So a pace whore,Jimi_Dyer,2017-05-21 02:49:23,
Oh my god you legit stole my tweet from like last year you absolute whore,ItsKelsC,2017-05-21 02:48:47,
I need me a grown man that's not immature and not a whore ! .. #hopesforsummer17 lol,krisha_mona,2017-05-21 02:48:35,
"The_Donald: Right. He's an attention whore . His lack of delivery when he said he had Clinton's 30,000 http:// np.reddit.com/r/The_Donald/c omments/6cbsiz//dhtqhit … pic.twitter.com/4A3Xf9bGAw",reddit_hate,2017-05-21 02:48:33,
"life is a whore in this country, calm down yourself kid !",iLiiias1,2017-05-21 02:48:33,
"Boo!, you whore",_heyitsfer_,2017-05-21 02:48:13,
#Xvideos - American Whore Story - http:// en.fr-xvideos.com/xvideo.php?tit le=american-whore-story&id=200012 …,Fr_Xvideos,2017-05-21 02:48:02,
"#Virgo transforms from a proper prude to bedroom whore in a flash, so long as you got what it takes.",virgohr,2017-05-21 02:47:15,
Attention whore . What is WRONG with this man? #RecallMcCain,CremeDeLaCrews,2017-05-21 02:46:54,
"Hello, whore ! https:// twitter.com/IMAX/status/86 5930117389963264 …",aloha_paradis,2017-05-21 02:45:36,
firstly you ain't a whore it just sounded cool to say and I'm wrestler here so get ready to be drop kicked to y3,webster_demi,2017-05-21 02:45:35,
Whore wish list.,subtweetRick,2017-05-21 02:45:34,
nakedgirlsdoingstuff: Girl drinking naked at countryside bar. Attention WHORE and we want MORE!  ;)... https:// tmblr.co/ZCnHag2LrgUfQ,SexDollSexToys,2017-05-21 02:44:44,
MIA WON AND KILLED THAT DEMONIC WHORE HAHAHA YES! DAS MAH GIRL,ChainedZayno,2017-05-21 02:44:41,
I SAID EFG WHORE https:// twitter.com/svtsdino/statu s/866061904531398657 …,finnsvt,2017-05-21 02:44:24,
"H and I have agreed that we will cheat on our partners at least once a week, when she doesn't have a shift at the whore house she works in.",SlutSandals,2017-05-21 02:44:16,
"*church choir singing to indigent child* ""we are the community of Christ. We will give you map pencils and call you a whore """,UnimportantOK,2017-05-21 02:44:15,
"I have an ace friend that has been called frigid, and been compared to a ficus. I've been called a whore for being arro. People are just- pic.twitter.com/nUr8BeMSOI",babydonghunie,2017-05-21 02:43:54,
ive been replaced smh grace is a bitchass whore,ghoulris,2017-05-21 02:43:33,
