Let him be managed in 2 years and whoops! He is a useless cunt https:// twitter.com/Squawka/status /865947475215081472 …,arsenalwhatever,2017-05-21 03:59:52,
Life can be such a cunt,OfficialLM7,2017-05-21 03:59:43,
When you try to get a good sleep without some cunt cutting their hedge at half eight in the morning pic.twitter.com/yxLxibwttU,markkhamill,2017-05-21 03:59:32,
im italian,akunarose,2017-05-21 03:59:28,
What a goal this was. Cunt . https:// twitter.com/premierleague/ status/866062265346383873 …,Jamieeeee9191,2017-05-21 03:59:17,
A source in the DoJ has informed the New York Times that my fucking cunt is soaking wet and spitting out children.,DjFinalTrip,2017-05-21 03:59:15,
フルCGアニメの時代が来るーッッ,oman_cunt,2017-05-21 03:59:12,
wow this agust d cunt looks a lot like min yoongi from bts,beginvinyI,2017-05-21 03:59:05,
"Yes, but I doubt he'll be fucking your cunt .",GervontaLopez,2017-05-21 03:58:57,
ok you're triggering me,Italian_Cunt,2017-05-21 03:58:53,
"they're all shit, they won cos rush was being a cunt",BrandonAshtiani,2017-05-21 03:58:50,
never talked to the cunt and only played against him twice,Wulphak,2017-05-21 03:58:41,
"If you ever read any interviews her, you'll see just what kind of trash she is.. a real ((( Cunt )))!!!",wittmann1488,2017-05-21 03:58:39,
Look at how beautiful nature can be. Yet you're still a cunt . pic.twitter.com/bxCCiblpSD,416christina,2017-05-21 03:58:38,
ハプルボッカ,oman_cunt,2017-05-21 03:58:34,
I played the huge red and black cunt,K6SDx,2017-05-21 03:58:27,
Straya cunt,kebabdul_,2017-05-21 03:58:19,
"""Walked in and some cunt had the same belt as me a wis like here mate that's fae turkey"" hahahaha nb",hayleymcmah0n,2017-05-21 03:58:18,
On the whole thing and I'm very bloated holy fucking cunt,RoboticAtBest,2017-05-21 03:57:56,
見るたび言ってるけどぷいきゅあのED毎年可愛くなってて毎回口開けて見ちゃう…,oman_cunt,2017-05-21 03:57:45,
Katie's mum is such a great cunt omfg,caseycoopxx,2017-05-21 03:57:41,
I like this lady. She can uwu in the right places,BuddClub,2017-05-21 03:57:41,
"""Budda"" u racist cunt",JaidenDread,2017-05-21 03:57:28,
"I don't like Bobby Roode in NXT. Hideo, please put this cunt to sleep",kayleerays,2017-05-21 03:57:24,
"also, I'm not a voting Libertarian cunt , I'm an Anarchist.",HankusMackimus,2017-05-21 03:56:55,
Kris Boyd....what the fuck are you on man. No cunt thinks anything like this. Hurting hun fanny. pic.twitter.com/GZc9UHS5yd,colin_ban88,2017-05-21 03:56:44,
Fuck you dumb cunt hope you die,Loverboyrmx,2017-05-21 03:56:37,
dean pickens da is the soundest n tidiest cunt aboot,SeanPentleton,2017-05-21 03:56:27,
It was irans own money you cretin. Turn off Fox News. Pour the koolaide down the drain and stop being an irate cunt . https:// twitter.com/don47/status/8 66068200966029312 …,PirateWench,2017-05-21 03:55:55,
it's becoming increasingly clear that a blue tick means you're a cunt .,Stemot1978,2017-05-21 03:55:40,
I see ur still a cunt then anyways,AnIrishRapper,2017-05-21 03:55:36,
"Doubt ill do much tweeting anymore though since the cunt likes to start shit with me, but w/e",IHAT3MYS3LFSH0W,2017-05-21 03:55:31,
is a cunt,MeanMikeMustard,2017-05-21 03:55:24,
"Zoe's a dumb Cunt , I just went into panic mode for fuck all",tracyisanig,2017-05-21 03:55:20,
my fucking cunt,TinyCirno,2017-05-21 03:55:04,
The worst thing is I've just seen some mug drink another mans piss for the fun of it what a cunt,jackballard_,2017-05-21 03:54:49,
stay out of this Hayley,Italian_Cunt,2017-05-21 03:54:45,
Knew you'd be a cunt soon as ur home fucking bitch,BronLind,2017-05-21 03:54:45,
|I'd like to thank this cocky cunt for not killing my phoenix or playing around pyroblast. pic.twitter.com/A70YMWAs9w,FutaKindred,2017-05-21 03:54:31,
"Piss off Rosenberg, you bald cunt . #NXTTakeOver",BenCarass,2017-05-21 03:54:24,
Eat my ass you fucking cunt thumper,Gabe_Bocook,2017-05-21 03:54:04,
I think I deserve an award for enjoying my first night out single and not calling or texting my ex cunt,Hard_Slammin,2017-05-21 03:53:59,
Some cunt just took my pound on the boxing machine in crib x,DillonNicholso7,2017-05-21 03:53:58,
Well ur a cunt,_evewinter,2017-05-21 03:53:51,
Im back bitches! The dumb cunt decided that she wanted to break into my place when i wasnt home and smash my shit.--,IHAT3MYS3LFSH0W,2017-05-21 03:53:46,
i said i was just going with the joke shut up,Italian_Cunt,2017-05-21 03:53:36,
what a fucking cunt of a human being https:// twitter.com/senbyo/status/ 865293945663766532 …,Yellow_Corona,2017-05-21 03:53:11,
"okay, i see you! CUNT",chayce2on,2017-05-21 03:53:08,
輝いてるなあ,oman_cunt,2017-05-21 03:53:04,
@lucyduke__ you're a cunt,ClaudiaBarr_,2017-05-21 03:53:01,
Lmao This Paki cunt probably never played football and trying to act like he knows shit. Stick to curry munching you smelly cunt https:// twitter.com/abtahaalii/sta tus/865996016247611392 …,HaIaRonaldo,2017-05-21 03:52:37,
Don't block me! I'm a good friend! We can erase all the degeneracy from the world together!,BuddClub,2017-05-21 03:52:37,
i actually missed darcy that fat cunt,heizerscunt,2017-05-21 03:52:33,
"Don't be mistaken, Nick Xenophon is just a Lib cunt wrapped in a fresh hair do #insiders",Chemu18Cheryl,2017-05-21 03:52:20,
"Slightly off topic but my old PE teacher was like that! Really pushed us, but was a right fat cunt !...sorry Mr Harvey! Oops",TheAnethetist,2017-05-21 03:52:11,
You don't have a cunt singing at you,seanhatesme,2017-05-21 03:52:10,
#MeMeRoth calls for #feminist to be arrested for calling her a cunt . #hatespeech https:// dcinfowarrior.wordpress.com/2017/05/20/mem eroth-calls-for-feminist-to-be-arrested-for-calling-her-a-cunt-hatespeech/ …,dcinfowarrior,2017-05-21 03:52:05,
Fuck Jorge Sampaoli the bald cunt,DeadlyAguero,2017-05-21 03:52:03,
@Zip_Kun @Kanakouwu @not_rumeru i was just going with the joke dw,Italian_Cunt,2017-05-21 03:51:58,
そんなものはいない,oman_cunt,2017-05-21 03:51:33,
Greg stop reading conspiracy theories and text me cunt,morgangibsonnn,2017-05-21 03:51:31,
They call cunt me,SomeRadioMan,2017-05-21 03:50:56,
Wow my flight was delayed and I'm not going to claim because I'm not a money grabbing cunt,gwendoline_xx,2017-05-21 03:50:44,
退魔忍みたいなことされちゃう！,oman_cunt,2017-05-21 03:50:35,
Who's gonna be a cunt are you?,ThomascoolEbook,2017-05-21 03:50:00,
"You say that like it's an insult, you homophobic bag of shit. And I think the word you want is ""bag,"" you illiterate cunt .",MonicaJORourke,2017-05-21 03:49:56,
The rhymes are a bit weak but it's a good clip. Vinnie is a funny cunt,boxa72_dev,2017-05-21 03:49:51,
yes bc I need validation from an edgy cunt https:// twitter.com/yutense/status /866074676086403072 …,hqunjin,2017-05-21 03:49:47,
なにこの金玉みたいな,oman_cunt,2017-05-21 03:49:46,
fuck off u cunt im being serious,pauIpobga,2017-05-21 03:48:59,
Another hit job on stuff that happened many years ago- get a life cunt https:// twitter.com/kfile/status/8 66075038553919489 …,MAGA___Man,2017-05-21 03:48:50,
Cunt wants lamping.,the_rope_again,2017-05-21 03:48:35,
i'm blocking you,Italian_Cunt,2017-05-21 03:48:21,
Fuck up ye cunt,ChrisHunter0,2017-05-21 03:48:13,
Cunt .,Tegan_Jovanka,2017-05-21 03:48:03,
Cry me a river darling. Jesus. Did I hurt your little fweeeeelings? And don't you like being called a cunt ? Oh sorry.,Tegan_Jovanka,2017-05-21 03:47:58,
死亡フラグ,oman_cunt,2017-05-21 03:47:55,
breanna is a stinky cunt unblock me u ugly,akurasou,2017-05-21 03:47:53,
why are you talking in italian,Italian_Cunt,2017-05-21 03:47:49,
Fuck up ye cunt,ChrisHunter0,2017-05-21 03:47:11,
Found a big spider on my pillow today lads absolutely fucken splatted the cunt,CanIGetAUhh,2017-05-21 03:47:07,
"OGs @you cunt , I do get it asshole",Wak3n,2017-05-21 03:46:53,
Wow I love seeing everyone's grad pictures and I will never get that experience because Champlain is one cunt of a school,baby_may0,2017-05-21 03:46:47,
If you see me in SWX tonight I have not got greasy hair someone just spilled their entire drink on my head :) cunt,BethanUsher,2017-05-21 03:46:26,
TAKE HIS CRUTCHES. TAKE HIS GLASSES AND TIP THE CUNT .,BigStiffIdiot,2017-05-21 03:46:19,
"Stfu you fucking cunt , krijg de touwtyfus en ik woon niet in Werkendam",arjan35000,2017-05-21 03:46:06,
Game on then ya massive cunt https:// twitter.com/theresa_may/st atus/865855578454806529 …,andylowman,2017-05-21 03:46:01,
Steph it's a sort out party! Un P are welcome! Scotland England game n a BBQ! Come ya cunt,Paul_Hunter_83,2017-05-21 03:45:58,
can you not,Italian_Cunt,2017-05-21 03:45:54,
you didnt have to tweet this cunt . https:// twitter.com/mishascollins/ status/866076754221252609 …,dragonswclf,2017-05-21 03:45:23,
Whatta a cunt !!,OddRonald,2017-05-21 03:45:21,
Nice lol,Davbri76,2017-05-21 03:45:13,
Idk old cunt,J_oo_st,2017-05-21 03:45:12,
TIP THE CUNT https:// twitter.com/shaunking/stat us/865787952579956736 …,BigStiffIdiot,2017-05-21 03:45:12,
Gary at work isn't phased by the nickname 'Flake' or 'Snowflake'. So now I call him 'Simpleton Cunt '. Let's see how that pans out.,WispWillothe,2017-05-21 03:44:18,
I've called him a cunt to his face (on Twitter). I assure you I can moan about who I like.,SovereignMercia,2017-05-21 03:44:12,
How many times do u have to say night just fuck off to sleep ya mongy Muslim cunt see u tomollo wid chu init,Scarlett_Amber1,2017-05-21 03:43:44,
Dom tops who wanna smash my cunt,fuckoffscott,2017-05-21 03:43:17,
Wife with hairy cunt cums from cunnilingus http:// cuntlick.net/wife-with-hair y-cunt-cums-from-cunnilingus … #amateur #brunet #cumming,cuntlicknet,2017-05-21 03:43:14,
You're incredible,Maniahopper,2017-05-21 03:43:05,
Cunt,illuminatitty,2017-05-21 03:42:55,
I asked Richard if he wanted a sip of my drink and he downed it the cunt,ItsNewto,2017-05-21 03:42:54,
i don't like you already,Italian_Cunt,2017-05-21 03:42:52,
omg I hate captin Drautos he's such a cunt i need to punch him in the balls,Shiikibashi,2017-05-21 03:42:35,
Fufufufu..... You have to hit rock bottom before you can see the light,BuddClub,2017-05-21 03:42:26,
Or where that fat tongued mockney self-righteous chancer cooking cunt is probably right for once. I hate that world.,jwusher,2017-05-21 03:42:21,
Plying for hire this cunt ...hanover st pic.twitter.com/uLV3r8LLzZ,LonelyBoyNo1,2017-05-21 03:42:11,
A fucking Tristan. Tristan poncey cunt . Who would thought that... x,LadyLoveLDN,2017-05-21 03:41:52,
"#Oral , #Anal , #teenmom , #mom , #cam : Hairy Cunt Of This Light Haired Cougar Gets Licked By The Guy http:// tinyurl.com/luvbk8t",xorili,2017-05-21 03:41:48,
"@MeIonizer ye new avatar, fat cunt pic.twitter.com/yJVBq6k4jJ",RareMoose_,2017-05-21 03:41:46,
Thought I'd gone blind,ProlapsedNun,2017-05-21 03:41:40,
Shirley temperley is the hardest cunt a kna apparently Jesus fucking wept,kevin_temperley,2017-05-21 03:41:31,
Don't come @me like we're together when u ain't cuffed me cunt,carla_koala_,2017-05-21 03:41:06,
@RuPaul how can we make American the new national anthem? Its way more cunt than the current one,whiteandpopular,2017-05-21 03:40:57,
So this @nicohines cunt is still writing columns. https:// twitter.com/csdickey/statu s/865956716684468225 …,12BarAcidBlues,2017-05-21 03:40:51,
"Cunt , his caption was hard to understand LOL",Jnouwop313,2017-05-21 03:40:12,
cunt ass noodle looking bitch — bitch booty stinky fucker who look like my left nut... https:// curiouscat.me/wxstemytime/po st/151277102?t=1495323601 …,akurasou,2017-05-21 03:40:01,
I'M PLAYING RAYMAN 3 FUCK YOU,Italian_Cunt,2017-05-21 03:39:49,
Which fucking cunt acc thinks I'm going to be able to learn 2 Latin set texts and understand 15 shitty poems.,adnanzaqui,2017-05-21 03:39:46,
Fucking cunt,_vdizzle,2017-05-21 03:39:41,
@Ewannn_B_ happy bday u crazy cunt have a good one boois #highlandnumber8 pic.twitter.com/EXTE0jXinc,dylbanfield,2017-05-21 03:39:40,
ALRIGHT,Italian_Cunt,2017-05-21 03:39:39,
I can't wait until I'm 90 and my great grand kids ask me about Donald Trump and I tell them that he was a FUCKING CUNT,suckulentt,2017-05-21 03:39:15,
her mum is also a cunt who has her head up her arse,soullesspuppet_,2017-05-21 03:39:05,
I gotta hit 711 tonight who the fuck is down,steven_cunt,2017-05-21 03:38:55,
"I would take pleasure in shitting on Anderson Cooper's face, he's such a smug cunt jfc",ImRefleex,2017-05-21 03:38:50,
and it's annoying because the daughter is someone I know from school who was always and probably still is a cunt,soullesspuppet_,2017-05-21 03:38:40,
got the s-n eh mike ? ya fucking slimy plastic cunt ! #jft96 https:// twitter.com/TheTwoMikes/st atus/865840409968246784 …,DIMBERLYisMI5,2017-05-21 03:38:38,
Ha ha I've never been called a fucking cunt ever in 35 years of membership,DannyP_72,2017-05-21 03:38:34,
i don't want a trap gf heck off,Italian_Cunt,2017-05-21 03:38:27,
thaaaaaaat fucking cunt hahahaa i remember him,mark_ason,2017-05-21 03:38:14,
So you intentionally overruled autocorrect to look like an illiterate cunt . Clever.,HLSox,2017-05-21 03:38:14,
Soft cunt can't wait for Brook to get laid out next week then me lay you out,ScottAtkinson10,2017-05-21 03:38:04,
"Alexis Michelle is like Roxxxy in the way that I can't remember they're in Drag Race; then when I watch it I'm like ""get this cunt to fuck""",masiavelli,2017-05-21 03:38:03,
"""My parents don't know what ' cunt ' means, so I call them cunts all the time."" @LongIslandIceT_",Cdurren_17,2017-05-21 03:38:03,
Scumbag! Pedo cunt !,TristanWalker16,2017-05-21 03:37:55,
SPECCY CUNT,_wtvralicia,2017-05-21 03:37:52,
You're a cunt like dan & Phil — i know sis https:// curiouscat.me/ruinjeneya/pos t/151275853?t=1495323454 …,adorngrayson,2017-05-21 03:37:34,
Not wanting a QT bf dressed as a gf,BuddClub,2017-05-21 03:37:33,
A friend says @GeneralMills should make a ' Cunt Chocula' line of cereal with chocolate bits shaped like vaginas Nom nom nom,FMcQueen31,2017-05-21 03:37:15,
"Hmm what happens if I write Trumps a fat, cunt with a mini dick?",TrumpsaC,2017-05-21 03:37:11,
Geordie cunt,joerowlands11,2017-05-21 03:37:02,
"Fuck off, supporting a terrorist sympathiser. Fuck you, cunt",boyd_d1,2017-05-21 03:36:56,
Who the fuck are signing these people? Any useless cunt can make a career out the game nowadays it seems..,Fritz1875,2017-05-21 03:36:54,
gonzo dripping #wake lucy #stars bathroom #natasha #tyler alektra tame clips #cunt kapri #fuck #me wifeys lane inside #jensen tiana pic.twitter.com/DkxUDBiUaC,691AswMp7B4SRvO,2017-05-21 03:36:53,
cheers ya fat big nosed wednesday cunt,JoshCaddick1,2017-05-21 03:36:51,
"Golden Girls Funnies - Happy Birthday Betty White!: In honor of Betty White's Bday today, here's some Golden Girls… https:// goo.gl/fb/0CKBEb",cunt_galleries_,2017-05-21 03:36:48,
sat at home calling Tyler a cunt out of habit,sewadyllo,2017-05-21 03:36:44,
but sleep doesn't seem to be happening because my passive-aggressive cunt of a neighbour has left her teenage daughter at home rioting,soullesspuppet_,2017-05-21 03:36:39,
if i ever see a cunt named anna schøler im fucking throwing hands. MARK THIS TWEET.,atlascamila,2017-05-21 03:36:35,
idk,Italian_Cunt,2017-05-21 03:36:31,
Dan Howell is a cunt — i know sis https:// curiouscat.me/ruinjeneya/pos t/151274464?t=1495323387 …,adorngrayson,2017-05-21 03:36:27,
Put gay cunt in your bio right now u gay boy,dannyrourke1,2017-05-21 03:36:24,
,VinceTaylor51,2017-05-21 03:36:07,
