Yep and when it all implodes and they're whinning to me...just going to tell em to suck a goose egg :D,Kaden_Kessler,2017-05-21 03:59:59,
migraines suck,katelyn__grace,2017-05-21 03:59:51,
If you're waiting for someone to suck your dick your gonna be waiting a long time mate,BigJoshGee,2017-05-21 03:59:49,
It's cute seeing the 11th graders try to protest the dresscode. I'm not w/ it either but its not gonna change just wear pants and suck it up,emilee_mendoza,2017-05-21 03:59:49,
lol I'm in suck a bad mood it's a joke,_courtneyhurd,2017-05-21 03:59:40,
The insta filters suck !,LillianLiz15,2017-05-21 03:59:39,
ty suck at texting back,cleshai_,2017-05-21 03:59:39,
Omg I suck at this game,FrickinSmash,2017-05-21 03:59:34,
"Acabo de caer: suck my kiss = chupame el culo. Perdón, soy lento.",elfaco,2017-05-21 03:59:33,
I will suck yur dick,BvasquezGA,2017-05-21 03:59:24,
They both suck https:// twitter.com/nickmercs/stat us/866079815480246272 …,JacobMusser1,2017-05-21 03:59:22,
SH suck . You making the move once new brewery opens???,RadOnc07,2017-05-21 03:59:22,
#smut sloppy #thot bbw #dick #ebony #young #black spit #suck swallow #balls pic.twitter.com/T7EEVzvLbJ,hSIPbvxkGhZKia4,2017-05-21 03:59:21,
Ducks suck . Pass it on. https:// twitter.com/AgainstTheGrif f/status/866080775648817153 …,KingManny___,2017-05-21 03:59:21,
Ducks suck . Pass it on. https:// twitter.com/codeyh/status/ 866079933231230977 …,cinepuck,2017-05-21 03:59:19,
Can't wait to start work even though its gonna suck lol,nathan_vincent2,2017-05-21 03:59:15,
Them niggas suck ! Fuck that. https:// twitter.com/jbeezy__/statu s/865609170283900928 …,DAVIDFINEASS,2017-05-21 03:59:13,
fucking mouth throat hot camjab cam #suck amateur #sucking #cock blonde #deep #dick couple #webcam hard #tits #girl blowjob pic.twitter.com/yYV5TVjePU,ySHUCcy71lqHep7,2017-05-21 03:59:11,
If she suck condom dick she definitely got herpes in her mouth https:// twitter.com/muhfugginjkell s/status/866069203408875520 …,tiffyMontana,2017-05-21 03:59:11,
God how I love the horridness of the haters. EIGHT YEARS OF ENDLESS VENOM. YOU PEOPLE JUST SUCK AT LIFE. https:// twitter.com/mattmfm/status /865968117306052610 …,jhadleyconrad,2017-05-21 03:59:11,
thot latino #ratchet bbw lips #interracial #blowjob #black #bbc #ebony hoe #suck #head pic.twitter.com/zOWfU0jJnc,KN00AWLaDVJVVMI,2017-05-21 03:59:07,
"u just learnt 2 #Facts -1. lib flakes will hate melania for NADA 4 ever. 2.GOD, their ""jokes"" SUCK ASS 4EVER. https:// twitter.com/i/moments/8659 55423387611136 …",PrincessLoona92,2017-05-21 03:59:03,
Just waiting for a hinata or ino to suck there hokage dry,TheYoungHokage,2017-05-21 03:59:00,
Hello no one likes me or wants me around !! I suck !! Aha,bfIowers,2017-05-21 03:58:59,
KKKKKKKKKKKKKKKKKKKKKKKKKKKKKKKKKKKKKKK PERDEU O RESPEITO MESMO. https:// twitter.com/hearobrien/sta tus/866080617821351937 …,suck_upon3,2017-05-21 03:58:59,
suck a dick a something https:// twitter.com/sahbabii/statu s/860261339620659200 …,tfreed95,2017-05-21 03:58:59,
Suck it fake news https:// twitter.com/georgiadirtroa d/status/865886799176007682 …,sweetpeach77,2017-05-21 03:58:58,
Yup I'd suck the fart out a booty,datboimarvgo,2017-05-21 03:58:54,
I'm always open to Life Is Strange bashing cause the games suck,Linko64,2017-05-21 03:58:53,
Bronies usually suck . They try to press their agendas to hard at times. :(,SwiftLPRD,2017-05-21 03:58:50,
And one of the many reasons caucusing is teh suck .,nothappyfunball,2017-05-21 03:58:49,
"There is a crash where it will send you back 10-20 minutes back in time, which does suck . pic.twitter.com/I9XpwSX3YL",Kin_Craft414,2017-05-21 03:58:49,
Have you ever seen a 15 year old boy suck his thumb through an entire 2 and a half hour movie? I have,Sp1nm3around,2017-05-21 03:58:48,
Not to suck my own dick or anything but i think i make myself laugh the hardest,maggi3baker,2017-05-21 03:58:45,
Ducks Suck . Pass It On. https:// twitter.com/cellblock303/s tatus/866079986050105345 …,AgainstTheGriff,2017-05-21 03:58:42,
Deathmask's crab mask can suck my dick THIS IS WHY I NEVER DRAW CLOTHS,funjoushi,2017-05-21 03:58:40,
The art of the suck up....ancient tradition,PostToPriori,2017-05-21 03:58:35,
Check out my book - ' Suck Me Dry: Collector's Edition' - on #BookBuzzr - http:// bit.ly/2dgupW5,AuthorDyphia,2017-05-21 03:58:31,
your hair is so fried and your friends suck for not telling you,_haleytate,2017-05-21 03:58:30,
"Meh, YouTube subscriptions suck tonight.",R3ktD_,2017-05-21 03:58:25,
I don't have a dick for you to suck but Hi!,SelenaQuinnGA,2017-05-21 03:58:25,
Faggot nigga can suck a dick nigga,KenKaniff19,2017-05-21 03:58:18,
plus the beatles suck,thotclout,2017-05-21 03:58:08,
They can attack me all they want its my opinion they can suck my big toe if they got a problem,_gucciboitae,2017-05-21 03:58:06,
"eu sou preciosa, não fala assim bicho o meme aqui é vc",kristenbriens,2017-05-21 03:58:04,
Headaches suck,MatthewBassi,2017-05-21 03:58:01,
"foh missy new shit all suck , kim has new music? cardi cool and everything remy dropped this yr FLOPPED TF she need to call for? https:// twitter.com/RonG30/status/ 864233842533707777 …",BadAzz_JOC,2017-05-21 03:57:59,
@packers you can suck my cockadoo,JesusGu83589470,2017-05-21 03:57:59,
hi my name is poli and i suck at drawing so have a badly drawn dad bod hanzo bc im very art blocked rn pic.twitter.com/VTRYWAs6m6,vegasdate,2017-05-21 03:57:54,
Wish this prom music didn't suck,emshultz21,2017-05-21 03:57:54,
No Kawhi. No IT4. The conference finals suddenly suck . #nbaplayoffs,_Bato_,2017-05-21 03:57:48,
"I just published “Letter grades suck , a ‘good kid’ story” https:// medium.com/p/letter-grade s-suck-a-good-kid-story-7d86d9c5fd9 …",DrTom4education,2017-05-21 03:57:46,
i suck,BerthPacks,2017-05-21 03:57:35,
spend fiddies pet kitties and suck tiddies,istalklouis,2017-05-21 03:57:35,
I bet you guys suck,ShiftzPlays,2017-05-21 03:57:34,
"Suck it up, kid.",WilliamKingXI,2017-05-21 03:57:31,
Fuck all that. I suck at captions,BillyBoBByRae,2017-05-21 03:57:29,
If you have to promote a new insta pic on your snapchat you already suck,gemmmc,2017-05-21 03:57:26,
"@NASCAR @FS1 @MonsterEnergy Coverage of the driver/team introductions- SUCK . All the crews deserve to be recognized,not just your favorites.",AngelaBeckerNC,2017-05-21 03:57:25,
This shit suck bruh,___Kevvaa,2017-05-21 03:57:22,
Ducks suck . Pass it on.,jbtc130,2017-05-21 03:57:22,
It's suck to have a good heart because people love to try to take the good hearted people out the game,HollowayJimiyu,2017-05-21 03:57:21,
Actually we are more complex we suck each other off in a triquertra,fukksean,2017-05-21 03:57:20,
Ducks suck . Pass it on. https:// twitter.com/cellblock303/s tatus/866079986050105345 …,taylorg93,2017-05-21 03:57:20,
let me answer that by saying I hate literally all fruit fruit can suck a serious dick,georgianiels0n,2017-05-21 03:57:20,
Ducks suck . Pass it on. https:// twitter.com/codeyh/status/ 866079933231230977 …,Savage_steve,2017-05-21 03:57:15,
"Boy, sure's gonna suck when Hideo loses huh.",DustinRcw_,2017-05-21 03:57:13,
lick huge muschi #fick #cock turkisch #fuck pussy webcam #leck #chat cumshot #dick #boobs #tits suck real cam turkish big pic.twitter.com/8Mq6pno0uh,CaYWXElNJf7LVWw,2017-05-21 03:57:09,
Every time someone does something stupid in their car it's got a @TowsonU sticker on it. Maybe Baltimore doesn't suck at driving. Just them.,r3d_b34rd,2017-05-21 03:57:07,
"Wow. I feel so bad for Itami. That has to absolutely suck . Well, he finally gets his chance tonight! #NXTTakeOver",KLightningBolt,2017-05-21 03:57:02,
Wow this nigga can officially suck a whole dick https:// twitter.com/nba_skits/stat us/865991749860298752 …,Eliezer__02,2017-05-21 03:57:00,
"SEX AUDIO: ODM Publisher, Chris Kwapovwe Tells Rita Ibeni I Will Fuck & Suck Your Breasts…... http:// fb.me/8D2PUUqeM",TopSocietyNews,2017-05-21 03:57:00,
"Você não vale nada, bicho",suck_upon3,2017-05-21 03:56:59,
I have never before disliked having so many damn coworkers in my life till today. They can all suck my ass.,vanegue_,2017-05-21 03:56:58,
"#DesiPorn , #ManDingo , #AsianButts , #Aunty , #MatureMoms : Just Met Kinky Blonde Chick Agrees To Suck Long Fat Cock... http:// tinyurl.com/phdy449",CodsPorn,2017-05-21 03:56:58,
Ducks suck . Pass it on. https:// twitter.com/Cellblock303/s tatus/866079986050105345 …,SmeeWeber,2017-05-21 03:56:57,
Ducks suck . Pass it on. https:// twitter.com/codeyh/status/ 866079933231230977 …,MRMisconduct,2017-05-21 03:56:56,
"I know, little dude, rainy/cold/cloudy days suck . #leodevo #coton #cotondetulear … https://www. instagram.com/p/BUVVmCVDNKw/",NDevo,2017-05-21 03:56:55,
You're the biggest hater bro the wiz suck dickhole,NikoDosSantos12,2017-05-21 03:56:50,
Ducks suck . Pass it on. https:// twitter.com/Cellblock303/s tatus/866079986050105345 …,TheMatthewBerry,2017-05-21 03:56:49,
"SEX AUDIO: ODM Publisher, Chris Kwapovwe Tells Rita Ibeni I Will Fuck & Suck Your Breasts… http://www. topsocietyonline.com/sex-audio-odm- publisher-chris-kwapovwe-tells-rita-ibeni-i-will-fuck-suck-your-breasts-until-you-begin-to-shout-my-name/ … pic.twitter.com/27UM8wQG5A",TopSocietyNews,2017-05-21 03:56:48,
Suck something Saturday pic.twitter.com/dwNqX8Iw9d,FlawdaMeat,2017-05-21 03:56:47,
"- i love ur layout sm, sophia is my fav but i enjoy talking to u even if i suck at replying but i'll get better soon i promise ily",granamilas,2017-05-21 03:56:45,
dawg if she can pull off any hairstyle you gotta suck her toes and remind her of how precious life is,_CoreyDaGawd_,2017-05-21 03:56:42,
Ducks suck . Pass it on. https:// twitter.com/codeyh/status/ 866079933231230977 …,Emily_Passini,2017-05-21 03:56:41,
You suck !!!,JaredTubaugh,2017-05-21 03:56:40,
Ducks suck . Pass it on https:// twitter.com/Cellblock303/s tatus/866079986050105345 …,jessicamay2727,2017-05-21 03:56:37,
"Ah hell, where we got peed on by a human being, suck it Blue Team ?",sin_ebooks,2017-05-21 03:56:35,
So you just gonna suck that man whole dick and draw him l. THATS YOUR COMP your going pro,AhsanJH,2017-05-21 03:56:32,
I liked a @YouTube video http:// youtu.be/D33gI2N7OyI?a Wonder Woman DOESN'T SUCK ?! Venom Actor CONFIRMED! - News Dump,philib41,2017-05-21 03:56:31,
Gonna suck to lose your masters my man but hey chilis is hiring @SheriffClarke https:// twitter.com/kfile/status/8 66075038553919489 …,petexnasty,2017-05-21 03:56:31,
"@Monica_Soul_Air Looks like your idol not only bowed, but curtsied as well! Suck it up, snowflake ! https:// twitter.com/mrjamesonneat/ status/866036324226056192 …",g8r84,2017-05-21 03:56:29,
"nice to see some more kiwi's loving big brother, we are few and far between! lol. home sickness must suck",destinynz_,2017-05-21 03:56:28,
Teenage boys sUCK,realfriemds,2017-05-21 03:56:27,
Those bell bottom pants suck . Really look funny. Jungkook look like a middle school student trying to look like an adult standing in middle,btssocialarmy,2017-05-21 03:56:27,
People suck,buba_sauron,2017-05-21 03:56:25,
Ducks suck . Pass it on. https:// twitter.com/Cellblock303/s tatus/866079986050105345 …,Astone_112,2017-05-21 03:56:19,
Im not one of those iphone users that think their shit smells like roses but gawdamnnn android really does suck lmao,Bonpipi_,2017-05-21 03:56:19,
You guys suck tell me how it is,juju2389,2017-05-21 03:56:18,
Ducks suck . Pass it on. https:// twitter.com/cellblock303/s tatus/866079986050105345 …,r_smith6,2017-05-21 03:56:18,
Ducks suck . pass it on https:// twitter.com/cellblock303/s tatus/866079986050105345 …,Arvigoesbardow1,2017-05-21 03:56:17,
Ducks suck . Pass it on. https:// twitter.com/Cellblock303/s tatus/866079986050105345 …,canuck4liberty,2017-05-21 03:56:14,
All Guests. Regulars suck . #StillNoLaughs,Arby0ne,2017-05-21 03:56:12,
Ducks suck . Pass it on. https:// twitter.com/codeyh/status/ 866079933231230977 …,Seanfranchise6,2017-05-21 03:56:07,
"no onric, just need to take a break thats all, and get out of that ""i suck "" and ""i need to do well"" mind set.",DustyRaiden47,2017-05-21 03:56:06,
suck his dick already,RickkyRodriguez,2017-05-21 03:56:04,
Does buckhead officially suck or ....,tankloyd,2017-05-21 03:56:03,
I suck at texting,jasminesp__,2017-05-21 03:56:00,
"Some people are mad sensitive. Dang, must suck to be so soft",shirliesss,2017-05-21 03:55:57,
got this lil bitch she suck the dick in five minutes,PurpleDrippintx,2017-05-21 03:55:54,
"Listen, I don't wanna suck Jesus's dick. I wanna drink his blood and become Dracula.",Capt_Breakfast,2017-05-21 03:55:52,
i guess that was selfish of me because if i did die a day before my mom's birthday that would suck,KAGEHlNABOKE,2017-05-21 03:55:47,
"#BlueJays don't suck , Bolsinger. pic.twitter.com/kIpsPBG4k2",TheHeatherEm,2017-05-21 03:55:44,
Suck my ass dragon lady,nsherwin1997,2017-05-21 03:55:39,
"Comcast you suck ! Everything about your company sucks! 99/100 people have a ""Comcast SUCKS & here's why"" story because your service blows",RetroGirl65,2017-05-21 03:55:35,
I liked a @YouTube video http:// youtu.be/pfHqdqx5V78?a GTA V - How about you suck my cock?,marron995,2017-05-21 03:55:35,
Ducks suck . Pass it on. https:// twitter.com/codeyh/status/ 866079933231230977 …,Cellblock303,2017-05-21 03:55:34,
Omg I couldn't be there . Just looking at this photo makes my anxiety go crazy https:// twitter.com/earlcraig06/st atus/865249040191168514 …,Suck_MahTweets,2017-05-21 03:55:33,
You suck,Ethanbrown5295,2017-05-21 03:55:29,
❝In this buisness it's killed or get killed. Nothing can be taken lightly so suck it up buttercup.❞,SukarettoBisuto,2017-05-21 03:55:29,
Green team Suck ? Some new footy chants tonight! pic.twitter.com/csxEi1fseO – IUPUI: Michael A Carroll Track & Soccer Stadium (TF),pw02fog,2017-05-21 03:55:28,
Dueling pianos and gin? Life may suck but goddammit this is fun. Y'all behave on here.,TheSnortherner,2017-05-21 03:55:28,
"dear ppl that think music with a ""pop/mainstream"" sound is automatically bad... you suck the fun out of music and are pretentious af",crystalnovas,2017-05-21 03:55:22,
If you don't tip your server... then you suck and should only eat at mcdonalds,rileymxry,2017-05-21 03:55:21,
Ducks suck . Pass it on. https:// twitter.com/stephenyeargin /status/865991864763207680 …,codeyh,2017-05-21 03:55:21,
You suck,Ethanbrown5295,2017-05-21 03:55:21,
Suck on it,kyra_manic,2017-05-21 03:55:19,
"“If It Doesn’t Suck , It’s Not Worth Doing” by @BenjaminPHardy https:// journal.thriveglobal.com/if-it-doesnt-s uck-it-s-not-worth-doing-18afe6a1215a …",ItsAlwayzSumthn,2017-05-21 03:55:16,
Not even Nat King Cole nyana? Wow Caca you suck at this music plug thing https:// twitter.com/CamagwiniTMade /status/866077704717836290 …,Caca_Made,2017-05-21 03:55:16,
All I want to is suck ass,Oladipo_72,2017-05-21 03:55:10,
Sucks to suck kesler. #nobodylikeshim,Nashvillebound6,2017-05-21 03:55:07,
Suck my ass,melmarzetti,2017-05-21 03:55:05,
You suck,Ethanbrown5295,2017-05-21 03:55:05,
2D dicks are prolly hard to suck fam,Schiggy69,2017-05-21 03:55:05,
"Idk how men suck at being romantic. All it takes is a $5 flower from CVS or a simple hand written paragraph letter to make my day, come on.",notkarinaa,2017-05-21 03:54:59,
I suck for love,Yunoo_20,2017-05-21 03:54:57,
"Because I speak the truth, you have to understand that people in Philly don't want to hear that their teams suck .....it hurts. https:// twitter.com/shawnisreal1/s tatus/866077527504244737 …",KyleMeagher1,2017-05-21 03:54:52,
"Pretty sure Obama never called it radical Islamic terrorism, but I agree it's all politics and politics suck haha.",jmah89,2017-05-21 03:54:51,
i am at u suck and thinking: is Jeremy Gara here???,kriislavin,2017-05-21 03:54:51,
most of the people from mhs suck lmao,oklissette,2017-05-21 03:54:49,
GETTING TIRED OF THE SUCK ASS @thehill ! I WILL BLOCK IT !,royalistajoe,2017-05-21 03:54:45,
Tell that hoe shut the fuck up and suck dick all she good fah,ritch0mie,2017-05-21 03:54:45,
Ducks still can't sell out a playoff game. Must suck to know your fan could careless.,Godmyfather1,2017-05-21 03:54:44,
ill tell u later man small ting small ting. Just a lil wing ding,suck_my_CLIP_,2017-05-21 03:54:42,
You have no idea how much that ticks me off but it's cool. Keep calm and suck thumb,AhHuatToAhMan,2017-05-21 03:54:40,
@ItsRampage_ Put Me In Coach @Its_Crxzyy. Told me to hit u up i suck tho man,Anziide,2017-05-21 03:54:39,
We're embracing the suck tonight boys and girls,Bro_Huge,2017-05-21 03:54:35,
It's going to suck going through this date night with a horrible headache but it's not gonna stop me. It's been forever since we went out,ryryryker,2017-05-21 03:54:29,
I want u 2 suck a cock,GODizzasterZcs,2017-05-21 03:54:26,
GETTING TIRED OF THE SUCK ASS @thehill ! I WILL BLOCK IT ! https:// twitter.com/thehill/status /866077350085226497 …,royalistajoe,2017-05-21 03:54:26,
The feeling of being sick and having to do so much things suck . All I want to do is stay in bed.,deniserayann_,2017-05-21 03:54:24,
hmmm I was thinking this too but I suck at making sims based on people but it doesn't hurt to try...,Xmiramira,2017-05-21 03:54:17,
Somethings just suck .,firstcomelast,2017-05-21 03:54:16,
@noobnoodle75 I SUCK,capn_edgy,2017-05-21 03:54:14,
Yeah you suck,Elite_Joe_15,2017-05-21 03:54:11,
Why Journalists suck ! (Proven scientificly!!) http://www. businessinsider.com/journalists-br ains-function-at-a-lower-level-than-average-2017-5 …,BillClintonTHOF,2017-05-21 03:54:06,
Why Most Outreach Emails Suck http:// bit.ly/2qYtEf3 via @shaylaprice @MKTGInsiders #emailoutreach #marketing,mattkostan,2017-05-21 03:54:04,
Do you ever wish you could be a sociopath so you didn't have to have feelings because they suck,Rice_SenpaiChan,2017-05-21 03:54:03,
You either suck up the pain or you aren't friends at all https:// twitter.com/neeneeloveee/s tatus/866078885351493637 …,ayeedropdeadv3,2017-05-21 03:54:03,
Nahhh mw2 should be remastered if anything. I personally suck at mw2 so idk if I'd get it,King_MikeWood,2017-05-21 03:54:00,
"Another guy who is to be banned from near proximity to the Erie Canal, otherwise his ass may suck it dry.",frisian69,2017-05-21 03:53:59,
"i think the event of this past week rate a suck it to all the naysayers and those being constantly negative about the new series ,yes 1/2",kelticman46,2017-05-21 03:53:56,
"Suck on his ass, and he'll follow you anywhere.",11DrJekyll,2017-05-21 03:53:56,
@NICKIMINAJ hi why dose your music suck .,TheNoncepolice,2017-05-21 03:53:56,
Well done. Concrete chips in the eye suck . Re doing the patio?,CopyDarryl,2017-05-21 03:53:55,
@Treyarch he you suck you took my cryptokeys your company is trash,3468f8778497485,2017-05-21 03:53:55,
hey what's up i fucking suck,sltzrgrl,2017-05-21 03:53:52,
Why do the jays always suck in bases loaded with zero out situations,Al_SportsLover,2017-05-21 03:53:52,
Come to the hookah lounge so I dont kms,suck_my_ash_,2017-05-21 03:53:48,
why do i suck at making @'s,jaedenIieberhr,2017-05-21 03:53:45,
suck it up pussy,__azw,2017-05-21 03:53:39,
1st impression of Mount and Blade is that I completely suck at it!,glennanderson42,2017-05-21 03:53:39,
I was just thinking this!! Like when did the picture become about the caption . I might just be in denial b/c mines suck but still https:// twitter.com/ashleywaree/st atus/866064107207831552 …,_AkuaaJ,2017-05-21 03:53:38,
i wanna get better in 2k. cause i fucking suck,nasia_gionet,2017-05-21 03:53:31,
boys rlly suck,cassidyraabe,2017-05-21 03:53:30,
"Apparently my music choices suck , cuz 5 followers just bailed. Shoulda done your research first, goddamnit people.",GreenEyedTwin,2017-05-21 03:53:28,
i'll suck your toe better https:// twitter.com/jacobsartorius /status/865765764409774080 …,ownbts,2017-05-21 03:53:28,
"What a suck up!! Also - how come he hated Hillary talking with the Saudis, but he goddamn curtsies to them?!! #TrumpCurtsy #TrumpIdiot https:// twitter.com/aravosis/statu s/865959229672345600 …",BKVeloGirl,2017-05-21 03:53:26,
"You suck , Zylak.",Leewaffles,2017-05-21 03:53:14,
"now that i dont suck at forging, imma remake this, but good. apologies to people that played the old one pic.twitter.com/AnE3gWilgn",N3gat1veZer0,2017-05-21 03:53:12,
IM ABOUT TO SUCK YOUR DICK,BeaneRuhgret,2017-05-21 03:53:08,
"God ticks suck balls. I found one crawling on my face AND one that just attached itself on my tummy :"")",clowchan,2017-05-21 03:53:07,
I make her suck it with gold grillz,alexdjade6,2017-05-21 03:53:05,
I suck at hockey tbh,usualgentelman,2017-05-21 03:53:04,
The drivers intros suck this year they usually do it big every year not this year idk why #NASCAR #AllStarRace #Charlotte,galzeranoa,2017-05-21 03:52:57,
But fuck off I'm not playing shit. No more pvp for me. I suck .,FridaBjornhem,2017-05-21 03:52:55,
guys suck,kkendallbrooke,2017-05-21 03:52:55,
Breakups suck ...,adonis4life,2017-05-21 03:52:44,
Orgasms suck .,Milfs4Dating,2017-05-21 03:52:43,
honestly who cares? They all suck . #gingy http:// fb.me/xMAxfeWN,WrestlingRising,2017-05-21 03:52:43,
Your gun rights expanded under Obama. Mobs shutting down speech through violence & intimidation suck . Fuck'em. https:// twitter.com/CavTrooper67/s tatus/866078014962106368 …,slim_mirokujin,2017-05-21 03:52:43,
Ummmm only if I got to feature ummmm,suck_my_ash_,2017-05-21 03:52:41,
well. suck it easy pal,Trevenawaddup,2017-05-21 03:52:37,
You suck (stewie voice),ShugoGamer_,2017-05-21 03:52:36,
If she don't suck the dick to her nose start running she basic cause if I'm eating the pussy I ain't stopping till she get hers,OBHMookie,2017-05-21 03:52:35,
"Dahlia's mom: ""good luck on your test Emma! Max, you suck .""",yeetfoxes,2017-05-21 03:52:32,
I just had a dog toy suck in my hair for 10 minutes with a 2 month old dog attached to it,222pauwelssam,2017-05-21 03:52:32,
#topBBMAs green is the best yall suck,transblurry,2017-05-21 03:52:30,
Let me SUCK SWALLOW RIDE IT. ITS SO FUCKI HOT BIG,WILL96713972,2017-05-21 03:52:25,
faggot you suck https:// twitter.com/rescineto1/sta tus/866054850114715648 …,jareddegitz,2017-05-21 03:52:25,
These driver intros suck big time. Miss the way Sprint did them.,leah5kkfan,2017-05-21 03:52:24,
@LouiseMensch having just starting following- not sure what stakes that suck job actually represents- just sayin. Goin high.,calisota91,2017-05-21 03:52:24,
"to the palangis that felt the need to keep looking @us shaking their head and then moved because our music was ""too loud"": go suck a toe",torisaaangs,2017-05-21 03:52:23,
Who wants to go bald with me because I'm tired of my suck ass hair not growing 3 inches a month,HariBerry_,2017-05-21 03:52:23,
feelings suck,LeaseSydney,2017-05-21 03:52:18,
Seeing this for the first time I know I suck #behindthealbum #HarryStyles @Harry_Styles pic.twitter.com/dqrxNEqMUF,Lauren_Styles23,2017-05-21 03:52:13,
"""My nail beds suck .""",JustKeep_sMILEN,2017-05-21 03:52:12,
Omg airports suck dude. Too much stress Hahah,saraa_petrie,2017-05-21 03:52:12,
Suck it up!!,CassieHuether15,2017-05-21 03:52:05,
"I've made a promise to myself I'm never going to be in drama again soooo if u wanna fight me, go suck dick instead or something",_pperks,2017-05-21 03:52:02,
"Damn no shading or shit bt I be looking at old females I use to fuck post cute pics with their bf &be like ""damn, I use to suck her titties""",DiirtyBenz,2017-05-21 03:51:56,
You can tell the @ColoradoRapids know they suck when they've been pulling out the time wasting tactics since the 30th minute. #PHIvCOL,EvertonUnionDad,2017-05-21 03:51:54,
Don't suck and not be here for the killer show tonight!,TheSeanTwisted,2017-05-21 03:51:51,
"@Rosenbergradio I'm not your biggest fan, but you don't suck .",therealnitzilla,2017-05-21 03:51:50,
Yeah Wanna SUCK . #Suck #BlackDick #Cum #HairyDick pic.twitter.com/drJAjYqxFL,xxxgayclub,2017-05-21 03:51:50,
Hiccups suck,DeCannKyle,2017-05-21 03:51:49,
"Awesome to hear all the @FOZZYROCK on #NXTTakeOverChicago ! We love Professional Wrestling! Those Kings guys, can suck it!",Toybox_Killer,2017-05-21 03:51:45,
"As the Texans say, COME AND TAKE IT! Seriously though, come and take it. Humans suck . @adzebill http://www. theonion.com/article/pressu re-mounting-humans-step-down-head-failing-gl-55999 …",JaqTweedie,2017-05-21 03:51:42,
Why tf do I suck at golf??,Ryanlugo1,2017-05-21 03:51:40,
girl yess and she suck on it in her sleep,__prettyflossay,2017-05-21 03:51:39,
"To everyone that thinks it's MY fault Jamon isn't in his baby's life, can suck my dick .",megannnar,2017-05-21 03:51:30,
I liked a @YouTube video http:// youtu.be/ylBfIFQnB6I?a TRE is HOOPIN AGAIN!! Does he suck now?,ChiakaChibeezy,2017-05-21 03:51:30,
I freaking suck at posing for pics and it's the most irritating thing ever,sophianicolee_,2017-05-21 03:51:25,
a 1975 song (if i believe you) came on in the car and i started to cry lol i suck,alex_paganoo,2017-05-21 03:51:25,
No sir I do not suck off Lebron like others but you got to respect greatness https:// twitter.com/kyler_11/statu s/866076221020536832 …,DF_UnO8,2017-05-21 03:51:15,
取れた毛をクール便で某所に配送やね,hurean,2017-05-21 03:51:14,
didnt he just go & tell his royal that he'll make sure the USA continues to suck oil & nt renewables while Saudi build solar,MichaelGreens12,2017-05-21 03:51:14,
Cupcakke voice: I'LL SUCK A FART OUT CHO ASS JUST PASS ME A LIL CASH,Lucidius134,2017-05-21 03:51:13,
People suck,ajgmandy3,2017-05-21 03:51:10,
Really? I still think they really suck,Sakurasouuu,2017-05-21 03:51:09,
Thank goodness because I suck,ARlANAEXCLUSlVE,2017-05-21 03:51:08,
sometimes I feel like I do more promoting than them tbh. They suck so much.,starbuck125,2017-05-21 03:51:06,
When you gonna suck him off breh,KyleMyers95,2017-05-21 03:51:06,
Bc even Anaheim folks don't like em bc they SUCK !,diver39,2017-05-21 03:51:03,
"A eso le llamas ""tener pareja""? U suck .",soypequee,2017-05-21 03:51:03,
This is still the hottest fucking video on the internet ill suck his dick to the moon and back,OMORll,2017-05-21 03:51:03,
"""Listen the world sucks people I suck multiverse sucks there is a current Barry that's learning his powers and hasn't fucked up and I+",E2CutiePie,2017-05-21 03:50:58,
"Quick note: I really suck at DYI and now I'm depressed, covered in paint and this shit still looks awful!!! pic.twitter.com/badri1w9fo",TheMRMann,2017-05-21 03:50:56,
"Hey Kenny, can I suck your cock? :)",UmbokUmbok,2017-05-21 03:50:53,
Unacceptable,suck_my_ash_,2017-05-21 03:50:53,
I'm pro immigration and trump can just go suck a fatty,aclvinbot,2017-05-21 03:50:53,
"Lanyards will suck off any fascist war criminal but they will not oblige plagiarism, for some weird reason. https:// twitter.com/KFILE/status/8 66075038553919489 …",scabbyscribe56,2017-05-21 03:50:52,
Fuck you in all possible positions..make you suck my dick...kiss you slowly on the neck bite you and then chill after that,TipeTata,2017-05-21 03:50:50,
RT if you want me to suck NOW #teen #smalltits pic.twitter.com/FZqoVDfUYa,SheilaXXX18,2017-05-21 03:50:48,
"Today I read over the first 200 pages of my WIP expecting it to suck , but it was actually...good? Like, it felt like a real novel???",aleyna_rentz,2017-05-21 03:50:46,
"Elia Beach, Mykonos group wank and suck . - http:// gayoneman.pinkodds.com/gayoneman/788 #gayoneman #Man #Gay",gayonemanoh,2017-05-21 03:50:44,
Sore throats suck,shanjouk,2017-05-21 03:50:41,
He probable learned to not suck all day at 18,GODGENNADDI,2017-05-21 03:50:39,
You know you suck when .... https:// twitter.com/thehill/status /866059222588567552 …,MissBSciTeacher,2017-05-21 03:50:35,
You are not really sorry you. You sir are an embarrassment to Americans. You are not a professional. You suck ! As well CNN,aprilnorth84,2017-05-21 03:50:30,
How u let a ugly girl suck yo dick???,BALDYLOCSS,2017-05-21 03:50:22,
Do i suck at p4 or somethin pic.twitter.com/sAejLwbAfb,ThirdRateTrash,2017-05-21 03:50:17,
Coach Carter can suck it,WesHauser,2017-05-21 03:50:15,
^Short and Sweet: How I suck his cock - http:// bit.ly/2bhG6MC,cyrustemmy,2017-05-21 03:50:15,
Suck my fucking cock,AtchaShamrock,2017-05-21 03:50:14,
Suck on a lime!,ang_e_loca,2017-05-21 03:50:10,
I know you suck . No time for people that don't gimme attention,UnivBrat,2017-05-21 03:50:10,
true dat.. we suck most of the time,Freddeeyo,2017-05-21 03:50:08,
"BRO WHATTTTTT... he could definitely suck my dick for that too, that blew mine",Jayfromthe_,2017-05-21 03:50:07,
What's this dumbfuck Libtard! Clearly Bowing Further down enough to suck the Kings dick bitch! pic.twitter.com/WtwqbqtOBI,LaNealNelson,2017-05-21 03:50:05,
If you're playing chess with someone and you both end up with a king each... you both kinda suck right?,victorhugocasi,2017-05-21 03:50:03,
Neither of you asked to be In my bio so suck out,KingRxsta,2017-05-21 03:50:02,
Suck mai dik,mnelisnotjir,2017-05-21 03:50:00,
No:(,toemab,2017-05-21 03:50:00,
boys in books are 100% better can confirm im a boy and i suck,spaceprincesam,2017-05-21 03:49:58,
@mythbuster912 you suck ... you jackass @michaelcash19 pic.twitter.com/rVmpLNkPSP,ronwhidby,2017-05-21 03:49:55,
"Talking this stuff out only way to get back to helping others,IMHO.Geography;prejudice etc.,conspire but always an answer-might suck but...",RlalbrechtTroy,2017-05-21 03:49:55,
I suck at Cards Against Humanity because I have to look up what half of the cards mean and...,lovelygaelle,2017-05-21 03:49:53,
"MY BROTHER JUST SAID ""I SUCK U SWALLOW"" AND I HAVE NO FUCKING CLUE WHERE HE GOT THAT FROM",linawalkerr,2017-05-21 03:49:45,
My texting skills suck cause most of the time I really be forgetting I'm texting someone,Makingof_Ashley,2017-05-21 03:49:43,
Is it before 6pm,suck_my_ash_,2017-05-21 03:49:42,
WHY DOES THE MCDONALDS NEXT TO THE MALL FUCKIN SUCK LIKE SORRY IF YOU WORK THERE BUT I SHOULDNT SPEND MY HALF HOUR LUNCH BREAK IN LINE,umkaiden,2017-05-21 03:49:42,
Suck on it http://www. unyporn.com/174973-suck-on -it- … #Teen #Caucasian #POV #NSFW,MyUniporn,2017-05-21 03:49:41,
I can't believe the movie Hook has a RT score of 30 percent. That's my all time favorite movie. the critics can go suck on a dead dogs nose. pic.twitter.com/gEQ0FbECbf,CrystalVegasNV,2017-05-21 03:49:40,
Suck it up,Imfriday_,2017-05-21 03:49:37,
for sure homie. We'll get it done. I've only played one match I suck,ncenter92,2017-05-21 03:49:33,
I'll suck ya dick!,leminis_ebooks,2017-05-21 03:49:30,
haha.....can i suck your pengis....,calembot,2017-05-21 03:49:28,
"Is it just me, or does chipotle suck now?",Kenzie_Groveeee,2017-05-21 03:49:24,
@NASCAR wow driver intro's #Suck stop showing us other crap I don't need to see the smoke show!!!!! #AllStarRace,LImom78,2017-05-21 03:49:22,
"Pretending to be someone they’re not, I know you suck suck I vote @BTS_twt for the #BTSBBMAs",BtszHyyh,2017-05-21 03:49:19,
"- i suck at replying honestly but ur so sweet and funny, i enjoy talking to u ilysm + you're so pretty akdjwka",granamilas,2017-05-21 03:49:11,
Come t our show,toemab,2017-05-21 03:49:10,
normal person regrets: i didnt tell my family i loved them enough my regrets: i didnt get to suck c*nnors dick in the old main event uniform,dougeiffel,2017-05-21 03:49:06,
@all my haters: YOU CAN ALL SUCK . MY. DICK.,ricchan_ebooks,2017-05-21 03:49:04,
I really wish the NHL would just acknowledge the 1st & 3rd Saturdays in May...delay the game by 10 minutes & hope to suck in horse viewers.,aionVlad,2017-05-21 03:49:02,
My friends really suck lol,jessicacejj,2017-05-21 03:49:00,
Some Of Y'all Can Really Suck A Dick,London_Brix,2017-05-21 03:48:57,
Damn that would suck ...,dylanparks,2017-05-21 03:48:56,
SUCK A DICK.,PUSSYSENSEI,2017-05-21 03:48:54,
Yea,suck_my_CLIP_,2017-05-21 03:48:53,
Suck him n get a discount,paulsnewmans,2017-05-21 03:48:48,
Who wanna hang out wif me tomorrow,suck_my_ash_,2017-05-21 03:48:45,
"Nichts tut mehr weh als ein russe über sich zu haben, weil man nicht richtig gespielt hat (oder konnte) und sie dann am Ende u Suck sagen...",xTruMB,2017-05-21 03:48:44,
@comcastcares your service has just been getting more and more frustrating lately.... why can I never stream or play video games. Perf. Suck,BrandonWaller_,2017-05-21 03:48:43,
So a base hit for Bautista. Suck it #Orioles fans,unclebizzy4,2017-05-21 03:48:37,
I know not all white ppl suck but the many many many who do ruin it for all yall,rosyy_desii,2017-05-21 03:48:35,
I can survive foot cramps the world can suck my ass,piercethecab,2017-05-21 03:48:35,
Spending the next 5 weeks with him 5 hours ahead is actually going to suck .,BriPenkrot,2017-05-21 03:48:35,
He's no Ryan Reynolds and when you don't know a character .....its just going to suck .. Like Spiderman3,TornadoError404,2017-05-21 03:48:33,
RT TMZ: Reese Witherspoon gets down 'n' dirty to SUCK DOWN some crawfish! #TMZ pic.twitter.com/zLI0lCJpGY,ScottDaRadio,2017-05-21 03:48:28,
You all suck,cassiemark456,2017-05-21 03:48:26,
I saw you playing basketball this week and you suck ... — Yeah I can't ball anymore haha but I won't ever tur... https:// curiouscat.me/478317055/post /151280428?t=1495324101 …,Lozaaar0912,2017-05-21 03:48:21,
"my brother said he wanted rey to come over so they can play the xbox and i said i'll play with him and he goes ""no you suck """,scanales__,2017-05-21 03:48:20,
Dems need to get out and VOTE during local elections mid terms we suck at it,jerzygirl1125,2017-05-21 03:48:20,
"I'm in that awful mood where I don't wanna cry tears of sadness, but Jesus I'm so frustrated that I just might. Frustration tears SUCK ASS.",sydstans,2017-05-21 03:48:19,
Uma família dessas no #BBMAs bixo... VAI LACRAR! #BTSBBMAs pic.twitter.com/lw6zmxrv8B,Suck__Styles,2017-05-21 03:48:18,
#booty #free #amateur #teen #xxx #squirting #cum #suck #dumpstarwars ( http:// goo.gl/rseoyL )t99,hjghjghjghg1,2017-05-21 03:48:15,
Those days suck my girl and we all have those thoughts but know that those thoughts are NOT TRUE BC YOU ARE GORGEOUS AND A BEAUTIFUL HUMAN,Nanaflea7,2017-05-21 03:48:13,
Flying into Lisbon the IKEA store was the first place I saw....knew the place would suck,DocBennett1ID,2017-05-21 03:48:13,
They're chanting Yankees suck at the Eric church concert wtf,laurneer,2017-05-21 03:48:13,
Rejection was just impossible for you wasn't it.... suck it up and deal with it,SherwinaDeepa,2017-05-21 03:48:07,
"@JeffFavignano @BayAreaBuggs ""anything thats gunna poke me or suck me"" hahaha i laughed so hard at that.",Zombiekilla392,2017-05-21 03:48:04,
I'm so sorry if ur allergic to dogs that must fucking suck like that's so tragic I'm so sorry,asiancrackbaby,2017-05-21 03:48:00,
We so call was sneaking people,suck_my_CLIP_,2017-05-21 03:47:53,
Ok running may suck but that pain is so good.,Ciarra_6,2017-05-21 03:47:47,
I suck,amy_capone12_22,2017-05-21 03:47:45,
Liars suck,lindSAYwhatttt,2017-05-21 03:47:44,
"Yeah I only got him and Costa, they both suck in game but oh well",thekinghip,2017-05-21 03:47:44,
Distributor on team at the moment. But they need to draft Fultz and trade their '18 pick in 9 months if the Nets still suck .,KSelbs1127,2017-05-21 03:47:37,
Also I really suck at photography,CindyOutWest,2017-05-21 03:47:36,
Always let your bracket suck .,jont_ebooks,2017-05-21 03:47:30,
Why do I suck at making decisions,dianacantor24,2017-05-21 03:47:29,
"460' is a bomb, lol, don't be all salty just because the red sox suck",mateodechicago,2017-05-21 03:47:27,
"Whoever threw shit in my pool, and broke some sculptures at my house can suck a dick",PatrickPerrie,2017-05-21 03:47:22,
Libtards suck stip trying to eraise history https:// twitter.com/DailyCaller/st atus/866065488694185984 …,graveyardguyy,2017-05-21 03:47:20,
Ducks suck . Pass it on. https:// twitter.com/stephenyeargin /status/865991864763207680 …,bvalentine615,2017-05-21 03:47:16,
These fucking teams and their pp suck ass!,402SportsBets,2017-05-21 03:47:14,
I Suck at Zombies EE... — via /r/CODZombies http:// ift.tt/2rEBZks,Undeaddit,2017-05-21 03:47:11,
"He's a trump suck up...wld you expect anything different, Sad that he would think trump is good for this cntry, sounds like he isn't either. https:// twitter.com/KFILE/status/8 66075038553919489 …",bakingcutie,2017-05-21 03:47:10,
yikeess i really suck at texting back,katiee1216,2017-05-21 03:47:06,
That jibes with what I saw then. Retaliatory penalties suck .,ducksallday,2017-05-21 03:47:03,
Ion suck dick so this doesn't apply to me,LennyBoss_,2017-05-21 03:46:59,
Do you have proof of Wikileaks? So far nothing its either there or its not or our Intel people suck . Its called Hammer,SherryLCox9,2017-05-21 03:46:58,
Hey!! People are trying to guess who you are? Why am I not in this game? Is it because I suck at it?,Patty0898,2017-05-21 03:46:56,
@CNN You all suck .... #FakeNews,BaruffiRocky,2017-05-21 03:46:48,
I'm bout to stop fucking wit niggas I know ain't wit it. U little fuck niggas is mama boy go suck a titty,BoltJames5,2017-05-21 03:46:46,
Sociology can suck my ass,safaaaa_x,2017-05-21 03:46:45,
Boston fucking suck,Punch_O_,2017-05-21 03:46:45,
third one is someone saying old school cartoons suck,Nrvnqsrestray,2017-05-21 03:46:34,
my nails suck & I don't like them,LesTawkMoreHead,2017-05-21 03:46:31,
"Yes it's pretty, yes the animation is nice. But the controls suck . Mowgli is completely hit-or-miss when it comes to grabbing a vine.",FlyingOmelette,2017-05-21 03:46:31,
"That may or may not be but he IS the president and you're still light in the slippers and whining about him. Suck on that, Nancy.",Paine_2015,2017-05-21 03:46:27,
Prolly godam hehy lets sstop foor beer why di ntu suck my fnuckjgin,saddderdaze,2017-05-21 03:46:16,
"Eu vou dar a minha vida pra estudar pra ser uma staff ou estilista ou algo assim, só quero isso mesmo",Suck__Styles,2017-05-21 03:46:14,
"customer from NY w thickest accent i've EVER heard chatted w me for 10 minutes and when he left he went ""it didn't suck talkin to ya """,skeetwoodmac,2017-05-21 03:46:09,
U could suck a fart out of my ass for all i care and i was also NOT talking to u https:// twitter.com/haveng_pca/sta tus/866077437515386881 …,AnthemPCA,2017-05-21 03:46:08,
it doesn't change the fact that we suck ass https:// twitter.com/theknowledge/s tatus/865826938966822913 …,EdgarSoIo,2017-05-21 03:46:06,
"i love talking to people, too bad i suck at it",stringflow77,2017-05-21 03:46:04,
kurimatsubot can suck my ass,shinsuke_en,2017-05-21 03:45:51,
lmaoo tbh If yall suck D CK the way yall suck yall stomachs in you might be able to keep a man,GaryBandana,2017-05-21 03:45:51,
Suck a cute geek isn't he?,jxhide,2017-05-21 03:45:49,
Don't suck,StevenBilko,2017-05-21 03:45:48,
Why does that idiot still have a job? I never heard anyone in the news business talk about a POTUS like they do with Trump. These pple suck !,JosephR56,2017-05-21 03:45:46,
SUCK MY DICK SO GOOD IM LIKE GOD DAMN YOU DIRTY BITCH YOU DIRTY BITCH YOU DIRTY BITCH,thegreatdarlid,2017-05-21 03:45:45,
Maher is a Dem/Liberal suck up.,RonZoni2017,2017-05-21 03:45:44,
I want to suck it till you can't get it up https:// twitter.com/BBCRobRP/statu s/865142758532681728 …,hotmeats,2017-05-21 03:45:43,
I suck at guessing which elevator is coming,thejayelder,2017-05-21 03:45:43,
some people really suck at being leaders,solano_silver,2017-05-21 03:45:37,
"#NowOn Asking Girls If I Can Suck Their Toes on @tubestreamtv by LEEK - http:// tubestream.tv/view/g_kNpO5hO Gk … Sunday, May 21st, 2017 - 08:45:36 PM",TubeStreamTV,2017-05-21 03:45:36,
this bitch just got a 3 star on 200 cc this game can suck mydick,Nessandcompany,2017-05-21 03:45:35,
"Suck ..... Den ungdomen, den ungdomen ...",StarkeRagnvald,2017-05-21 03:45:32,
I had a shih tzu named Fozzie and he did not suck .,LoricideDoom,2017-05-21 03:45:32,
suck it up dems,DonRobertgoff74,2017-05-21 03:45:31,
"Hockey gods, hockey gods, hockey gods...YOU SUCK . Time for big time repayments",cleangene3,2017-05-21 03:45:28,
you do not suck !!!!!!!! you are one of the coolest lads... the bestest friends i know.... u are truly the bes,skelterheIter,2017-05-21 03:45:28,
Teen is banged hard and she's amazed to suck the ding-dong http:// x-vids.eu/en/video/watch /teen-is-banged-hard-and-shes-amazed-to-suck-the-ding-dong …,FeedsPorn,2017-05-21 03:45:25,
Everybody talking shit is a dusty hoe and y'all can suck my dick...idk why y'all so worried about what I'm doing with MY life but okay boo,dreathealien,2017-05-21 03:45:24,
""" suck my dick"" ""No. That's disgusting. i hate sucking dick. you don't tell me to suck a dick until you fucking sucked a dick bro"" IM DEAD",CaitRichelle02,2017-05-21 03:45:22,
Ah shit. That sucks. People suck sometimes.,jamierubicin,2017-05-21 03:45:19,
Hahahahaha and i thought this weekend couldnt possibly suck more than it already does,JessicaThigpen4,2017-05-21 03:45:15,
I liked a @YouTube video http:// youtu.be/mbEfzuCLoAQ?a Why Trains Suck in America,KcHecK4,2017-05-21 03:45:14,
"#Playing Suck able toes! on @tubestreamtv by FOOTSIES FEET ADDICTS - http:// tubestream.tv/view/JRWZdbQbB DA … Sunday, May 21st, 2017 - 08:45:10 PM",TubeStreamTV,2017-05-21 03:45:11,
"i’ll suck your dick, no homo tho :D",iiPGIYii,2017-05-21 03:45:06,
Bruh I go dancing like once a semester ... can the dj not fucking suck that one night? Heading home early :(,fenfabulous,2017-05-21 03:45:04,
Reese Witherspoon gets down 'n' dirty to SUCK DOWN some crawfish! #TMZ pic.twitter.com/juieqbqtA6,TMZ,2017-05-21 03:45:04,
